fecha,eto,viento_max,viento_med,precip_max,precip,temp_max_abs,temp_max,temp_med,temp_min_abs,temp_min,hr_max,hr_med,hr_min,rad_max,rad_med
2022-01-01,0.63,2.94,0.62,0.1,0.2,16.48,15.66,10.11,5.553,6.06,98.05,95.42,83.78,472.0,64.13
2022-01-02,1.04,4.116,1.37,0.1,0.2,18.3,17.67,9.74,3.465,4.22,97.47,88.64,66.5,528.6,121.13
2022-01-03,1.01,4.312,1.04,0.1,0.1,19.58,18.8,10.51,3.431,3.83,95.43,86.34,64.23,498.2,119.43
2022-01-04,1.67,13.52,2.36,0.1,0.1,17.8,17.25,12.06,5.734,6.45,94.85,79.36,47.33,506.0,119.89
2022-01-05,2.6,13.62,3.21,0.2,0.3,17.13,16.53,12.72,9.54,10.52,68.01,50.23,38.03,580.4,77.99
2022-01-06,1.58,7.84,1.67,0.0,0.0,15.53,14.67,9.35,4.075,5.09,86.63,65.69,28.8,520.7,127.8
2022-01-07,1.43,5.39,1.24,0.0,0.0,16.85,16.12,7.7,1.92,2.71,88.78,66.28,27.61,520.4,127.13
2022-01-08,2.15,9.9,2.26,0.0,0.0,18.3,17.61,11.06,2.889,4.76,79.27,57.36,31.05,695.1,122.9
2022-01-09,1.73,10.68,1.47,0.0,0.0,19.05,18.52,12.6,2.315,3.46,77.06,50.14,30.8,511.5,81.69
2022-01-10,3.22,14.41,3.93,0.0,0.0,23.01,22.7,18.88,14.36,14.78,83.7,50.77,38.56,517.3,126.41
2022-01-11,0.75,7.94,0.88,2.0,5.3,14.94,14.56,11.63,5.295,5.8,96.22,89.91,74.37,272.6,43.62
2022-01-12,0.82,4.606,0.51,0.0,0.0,16.74,15.92,9.32,2.293,2.69,97.15,84.93,61.91,653.6,134.2
2022-01-13,1.5,7.74,2.52,0.6,0.6,14.77,14.26,10.84,5.566,7.15,90.55,74.6,54.82,651.3,115.01
2022-01-14,1.4,6.272,2.41,0.0,0.0,13.95,13.39,10.54,7.69,8.1,83.78,71.32,60.59,651.8,69.62
2022-01-15,1.19,5.684,1.5,0.0,0.0,15.84,14.9,10.6,5.39,6.12,93.27,76.93,58.53,659.6,118.48
2022-01-16,1.4,5.684,1.12,0.0,0.0,17.55,16.7,7.7,1.95,2.26,93.57,76.66,32.63,541.7,133.75
2022-01-17,0.97,4.41,0.69,0.0,0.0,17.14,16.09,6.91,0.699,1.25,95.33,81.46,52.48,572.1,132.71
2022-01-18,1.0,4.116,0.74,0.0,0.0,16.61,15.65,7.02,0.631,0.93,95.18,82.2,52.46,545.1,134.17
2022-01-19,1.12,5.88,1.1,0.0,0.0,15.77,15.01,9.11,2.99,3.7,92.88,80.31,55.09,685.1,111.44
2022-01-20,1.07,5.978,1.05,0.2,0.2,15.0,14.51,8.24,1.072,2.07,95.35,82.24,56.37,709.0,117.15
2022-01-21,1.28,5.782,1.42,0.0,0.0,15.56,14.87,10.31,5.495,6.27,93.2,77.14,53.9,615.6,124.99
2022-01-22,0.76,6.664,1.95,0.4,1.7,11.74,11.26,10.19,8.53,9.06,94.27,90.32,83.92,650.3,42.89
2022-01-23,1.36,5.88,2.27,0.0,0.0,14.49,14.0,11.07,9.51,9.77,89.45,80.96,64.33,746.0,93.87
2022-01-24,1.55,9.02,3.15,0.0,0.0,14.86,14.39,11.86,9.64,9.89,87.08,74.38,66.18,746.0,93.51
2022-01-25,1.49,10.68,3.43,4.9,9.8,15.47,14.73,12.67,10.39,10.5,94.35,78.33,67.71,768.0,110.07
2022-01-26,1.26,9.21,3.26,0.0,0.0,14.39,14.15,12.24,10.21,10.36,88.37,80.2,76.17,546.2,60.64
2022-01-27,1.32,7.94,2.97,0.0,0.0,15.27,14.66,12.02,10.12,10.25,90.37,81.66,75.02,869.0,97.22
2022-01-28,1.48,6.762,2.4,0.0,0.0,15.84,15.62,11.2,5.7,6.66,93.32,82.08,66.55,623.6,141.86
2022-01-29,1.69,4.41,1.1,0.0,0.0,19.34,18.62,8.77,1.271,2.7,94.18,73.26,31.66,602.7,155.5
2022-01-30,1.63,3.626,0.96,0.0,0.0,19.07,18.4,7.45,0.766,1.18,94.73,73.69,27.29,601.1,154.48
2022-01-30,1.63,3.626,0.96,0.0,0.0,19.07,18.4,7.45,0.766,1.18,94.73,73.69,27.29,601.1,154.48
2022-01-31,3.3,10.09,2.28,0.0,0.0,23.99,23.79,13.03,2.93,3.14,85.65,47.83,19.97,585.1,142.33
2022-02-01,2.3,9.31,2.2,0.0,0.0,17.28,16.84,12.51,6.472,7.29,86.93,55.87,29.31,597.5,156.13
2022-02-02,2.3,6.468,1.62,0.0,0.0,22.62,21.71,11.98,4.313,4.87,87.9,64.41,36.11,614.0,160.59
2022-02-03,2.12,5.096,1.21,0.0,0.0,23.42,22.99,12.07,2.122,2.69,89.9,67.62,33.35,632.9,154.66
2022-02-04,2.01,3.724,1.0,0.0,0.0,24.59,23.77,13.64,5.262,5.54,87.43,65.08,30.47,657.5,140.74
2022-02-05,1.13,7.25,2.27,0.0,0.0,16.45,16.01,13.52,9.04,9.51,94.23,87.19,78.17,846.0,63.27
2022-02-06,1.11,5.782,1.47,0.0,0.0,16.11,15.83,12.81,7.45,7.74,95.82,86.48,70.21,401.0,62.06
2022-02-07,1.79,6.37,1.47,0.0,0.0,19.65,18.78,10.49,4.482,4.86,96.25,83.53,53.73,626.5,163.58
2022-02-08,1.52,5.488,1.32,0.0,0.0,17.35,16.89,11.62,6.245,6.98,95.93,84.62,57.7,856.0,130.03
2022-02-09,1.36,5.88,1.54,0.0,0.0,15.81,15.16,11.82,7.36,9.18,95.45,81.61,60.4,510.9,88.96
2022-02-10,1.13,3.626,1.07,0.0,0.0,15.1,14.8,11.48,5.765,6.47,93.55,79.95,67.35,597.5,78.05
2022-02-11,1.3,4.802,1.01,0.0,0.0,16.03,15.49,9.55,4.041,4.32,95.47,85.27,66.2,591.8,129.52
2022-02-12,1.4,4.9,0.88,0.0,0.0,16.94,16.36,10.72,6.042,6.55,93.73,82.34,62.19,653.8,136.67
2022-02-13,1.76,8.33,1.55,0.0,0.0,17.96,17.13,10.66,4.041,4.66,95.02,81.92,58.16,712.0,165.32
2022-02-14,2.74,9.51,2.16,0.0,0.0,20.22,19.83,13.85,7.11,8.47,93.18,59.95,25.55,894.0,140.13
2022-02-15,3.34,14.31,2.92,0.0,0.0,20.55,19.45,13.08,7.38,8.6,85.9,52.8,25.57,756.0,184.79
2022-02-16,2.84,7.94,1.77,0.0,0.0,22.44,21.25,12.01,3.295,3.88,86.05,57.66,23.57,708.0,170.93
2022-02-17,2.89,8.04,1.71,0.0,0.0,24.7,23.79,15.17,5.329,5.85,91.02,58.5,32.86,690.8,188.0
2022-02-18,2.15,5.782,1.02,0.0,0.0,21.9,20.92,11.76,3.335,3.92,94.28,73.54,37.76,698.6,189.84
2022-02-19,1.76,11.47,3.02,0.0,0.0,18.77,18.13,13.2,7.42,7.78,93.22,81.14,68.14,782.0,95.37
2022-02-20,1.95,6.174,1.76,0.0,0.0,17.45,16.74,13.08,7.21,7.93,90.9,75.07,61.33,874.0,168.77
2022-02-21,3.2,8.92,1.93,0.0,0.0,23.92,23.01,12.65,4.923,5.2,93.05,69.35,26.92,724.0,191.23
2022-02-22,2.51,8.33,1.6,0.0,0.0,18.43,17.93,13.4,4.048,4.37,89.92,57.31,28.45,735.0,199.72
2022-02-23,2.08,8.23,1.84,0.0,0.0,17.75,17.2,10.3,1.038,1.49,92.38,76.56,45.85,848.0,139.99
2022-02-24,2.47,6.86,1.88,0.0,0.0,19.57,18.95,13.76,5.762,6.3,87.92,73.4,46.05,870.0,183.12
2022-02-25,1.88,10.29,3.38,0.0,0.0,17.06,16.56,14.27,12.44,12.71,91.03,78.12,65.54,813.0,87.24
2022-02-26,2.44,10.68,4.21,0.2,0.2,15.57,15.04,13.7,12.37,12.58,81.6,70.52,57.11,843.0,104.47
2022-02-27,1.91,8.72,2.6,0.0,0.0,15.5,14.93,12.53,9.88,10.2,80.15,69.64,59.42,554.8,79.27
2022-02-28,2.22,7.35,1.84,0.0,0.0,17.53,16.73,12.32,6.109,6.71,85.77,68.07,52.09,895.0,166.09
2022-03-01,2.5,7.84,1.55,0.0,0.0,20.55,19.83,12.23,6.269,7.0,92.7,76.49,50.34,747.0,206.92
2022-03-01,2.5,7.84,1.55,0.0,0.0,20.55,19.83,12.23,6.269,7.0,92.7,76.49,50.34,747.0,206.92
2022-03-02,2.69,8.43,1.81,0.0,0.0,20.28,19.7,12.0,3.505,4.04,95.25,74.32,42.75,750.0,208.45
2022-03-03,2.54,11.07,1.68,0.7,1.0,22.03,20.84,15.68,10.35,10.97,93.8,65.45,39.98,927.0,146.57
2022-03-04,1.34,14.21,3.45,4.8,6.7,14.78,13.99,11.56,8.9,9.74,91.65,82.76,75.12,791.0,50.36
2022-03-05,1.65,5.39,1.03,0.9,3.1,18.94,17.39,11.35,5.999,6.68,93.88,82.28,52.4,925.0,104.41
2022-03-06,1.05,9.31,2.84,7.7,20.9,13.39,12.84,11.07,9.58,9.75,94.48,91.02,83.97,374.4,58.2
2022-03-07,1.78,7.94,2.35,2.2,5.2,15.13,14.49,11.94,9.35,9.97,93.22,84.46,73.45,1118.0,148.07
2022-03-08,2.15,5.684,1.38,0.0,0.0,18.53,17.64,11.97,6.806,7.31,93.58,81.43,58.39,989.0,176.32
2022-03-09,2.52,5.586,1.51,0.0,0.0,17.92,17.41,11.73,4.991,5.61,94.15,80.12,50.69,787.0,223.36
2022-03-10,2.42,6.37,1.86,0.0,0.0,17.48,17.1,12.98,8.94,9.15,94.55,82.44,62.61,869.0,211.37
2022-03-11,2.0,8.13,1.41,0.4,0.9,18.84,17.68,13.2,7.38,7.65,95.57,85.78,67.2,940.0,161.19
2022-03-12,3.29,10.88,1.81,0.4,0.5,21.96,21.01,14.17,8.36,8.72,95.7,72.15,34.44,917.0,234.65
2022-03-13,2.8,5.978,1.42,0.9,0.9,21.69,21.17,14.8,9.27,9.76,93.97,71.17,40.93,859.0,190.83
2022-03-14,2.96,12.94,5.02,1.2,1.2,21.33,20.64,16.39,13.46,13.66,94.63,76.8,48.83,351.9,55.85
2022-03-15,3.76,16.27,6.13,0.0,0.0,20.98,20.0,17.97,16.52,16.68,76.3,64.08,45.51,191.4,30.27
2022-03-16,1.66,13.62,3.3,3.9,15.4,18.79,17.94,14.88,11.7,11.94,95.43,85.51,61.14,104.1,16.84
2022-03-17,1.33,13.62,3.85,6.5,31.1,15.86,15.27,13.51,11.94,12.42,93.33,88.87,77.93,508.1,43.26
2022-03-18,2.61,12.45,3.85,0.3,0.5,17.46,17.02,14.38,11.7,12.12,84.55,75.12,66.08,855.0,162.35
2022-03-19,2.1,8.62,3.1,0.2,0.6,16.89,16.27,13.95,12.21,12.54,87.97,81.6,73.05,1063.0,136.94
2022-03-20,1.64,10.0,3.47,1.3,1.6,16.52,16.11,14.33,12.38,12.59,92.5,87.52,81.77,811.0,105.46
2022-03-21,1.87,12.45,2.96,6.9,11.6,18.26,17.75,15.04,13.62,13.74,94.52,87.79,75.57,1084.0,114.46
2022-03-22,1.31,11.27,4.36,0.6,2.3,16.35,15.63,14.13,13.25,13.37,94.82,91.42,86.85,1091.0,80.54
2022-03-23,0.99,13.82,5.08,6.7,30.0,14.47,14.32,13.71,12.71,12.99,95.2,92.21,86.8,260.8,28.72
2022-03-24,1.45,15.78,6.1,0.1,0.1,15.88,15.64,14.67,13.86,14.02,91.68,88.84,86.23,538.6,77.06
2022-03-25,1.27,14.9,6.03,6.7,21.7,15.28,15.01,14.29,13.49,13.67,94.52,88.81,84.8,461.8,56.06
2022-03-26,2.04,13.33,4.31,0.3,0.3,16.28,15.73,14.37,12.64,13.02,87.12,82.49,71.73,656.6,94.48
2022-03-27,2.57,8.33,2.4,0.0,0.0,17.82,17.45,14.24,11.17,11.33,88.63,76.06,67.81,922.0,189.36
2022-03-28,1.76,10.19,2.97,0.0,0.0,16.21,15.68,13.76,10.76,11.12,89.12,81.85,73.9,749.0,91.02
2022-03-29,1.97,7.35,1.72,0.0,0.0,18.57,18.25,14.38,11.94,12.16,92.67,78.78,65.81,755.0,111.7
2022-03-30,1.03,4.116,0.62,9.4,39.3,17.06,16.45,13.58,11.97,12.08,96.75,94.71,87.6,386.3,55.09
2022-03-31,3.0,9.9,2.21,2.1,3.8,20.93,19.86,14.23,9.18,10.0,96.73,66.56,45.01,1018.0,176.72
2022-03-31,3.0,9.9,2.21,2.1,3.8,20.93,19.86,14.23,9.18,10.0,96.73,66.56,45.01,1018.0,176.72
2022-04-01,3.65,10.39,2.6,0.0,0.0,18.6,18.04,14.14,8.77,9.41,83.7,51.97,35.04,1199.0,227.33
2022-04-02,3.89,10.09,2.65,0.0,0.0,17.14,16.62,10.85,5.262,5.44,87.42,48.7,27.16,921.0,288.53
2022-04-03,3.02,9.7,3.4,0.0,0.0,13.98,13.29,10.53,4.249,4.87,88.42,57.0,44.84,1084.0,229.91
2022-04-04,1.84,15.29,6.54,2.1,12.0,11.47,11.33,10.3,9.38,9.72,89.07,79.29,64.24,308.2,39.92
2022-04-05,1.26,15.19,5.19,7.0,47.2,11.3,11.0,9.86,6.642,6.8,94.25,88.75,74.23,216.7,36.2
2022-04-06,2.89,8.82,1.91,0.0,0.0,17.86,17.08,10.82,3.975,4.45,93.78,77.66,50.02,1254.0,224.12
2022-04-07,3.81,7.55,1.79,0.0,0.0,22.44,21.35,13.96,5.228,5.69,91.22,70.14,45.02,892.0,284.97
2022-04-08,4.03,8.13,1.74,0.0,0.0,23.55,23.0,15.91,7.66,8.0,89.28,71.51,44.06,909.0,281.99
2022-04-09,4.3,7.64,1.88,0.0,0.0,24.59,24.06,18.6,12.71,13.16,88.43,59.76,44.39,918.0,278.39
2022-04-10,3.0,8.43,2.55,0.0,0.0,18.87,18.37,15.22,11.36,11.91,95.03,85.51,75.45,1130.0,253.33
2022-04-11,2.86,10.0,3.31,0.0,0.0,18.46,17.85,15.13,12.41,12.59,90.27,81.71,74.25,1155.0,221.42
2022-04-12,1.41,5.88,1.2,0.8,2.6,16.79,16.43,14.51,11.94,12.33,94.43,90.58,80.87,505.1,79.4
2022-04-13,2.72,7.84,1.86,1.0,3.4,20.39,19.4,15.11,12.28,12.56,95.22,82.35,61.82,1216.0,180.37
2022-04-14,3.4,10.09,2.59,0.5,0.9,21.44,20.67,16.04,10.51,11.61,91.6,72.64,48.13,1086.0,191.33
2022-04-15,4.61,9.02,2.4,0.0,0.0,24.14,23.6,17.86,12.14,12.58,89.77,55.86,37.04,1120.0,275.68
2022-04-16,4.54,7.06,1.65,0.0,0.0,26.75,25.94,18.93,10.52,11.29,91.05,63.71,38.9,890.0,283.6
2022-04-17,4.26,8.43,1.48,0.0,0.0,25.77,24.74,17.33,10.66,11.16,94.52,75.66,47.65,921.0,293.38
2022-04-18,4.04,7.06,1.27,0.0,0.0,23.31,22.63,16.98,10.56,10.87,96.12,79.6,47.15,1011.0,294.07
2022-04-19,3.71,6.958,1.43,0.6,0.7,22.23,21.15,17.21,12.24,12.73,95.8,83.03,67.45,1039.0,283.57
2022-04-20,1.62,11.86,2.36,6.2,21.6,15.62,15.01,12.38,8.53,9.05,95.23,84.97,66.34,848.0,70.43
2022-04-21,4.34,10.39,2.7,0.0,0.0,21.84,21.03,15.16,9.82,10.49,87.28,61.03,40.2,1225.0,273.68
2022-04-22,2.59,10.58,2.59,0.0,0.0,19.25,18.29,14.93,9.08,9.49,89.18,72.73,60.83,500.9,143.32
2022-04-23,4.88,13.33,3.69,0.5,1.0,21.8,21.43,16.35,11.26,11.86,88.7,58.21,27.85,1157.0,239.77
2022-04-24,4.32,7.35,1.6,0.0,0.0,22.37,21.87,15.29,8.2,8.98,93.9,68.3,40.88,970.0,315.67
2022-04-25,4.0,5.586,1.18,0.0,0.0,21.02,20.6,14.86,7.82,8.32,94.77,77.53,52.63,971.0,318.92
2022-04-26,3.36,7.84,1.69,0.0,0.0,20.31,19.83,14.93,8.67,9.26,95.48,76.57,55.12,910.0,240.4
2022-04-27,1.38,4.41,0.66,0.5,0.7,19.8,18.45,14.57,11.63,11.93,95.43,81.11,53.76,454.3,52.39
2022-04-28,1.52,5.096,1.12,7.1,13.0,16.92,16.48,13.97,11.33,11.47,96.58,87.38,72.87,771.0,81.81
2022-04-29,4.07,8.92,2.0,0.0,0.0,20.72,20.04,16.07,11.1,11.98,91.83,73.58,54.13,957.0,300.22
2022-04-30,4.92,8.13,1.88,0.0,0.0,25.9,24.92,17.86,9.08,9.35,91.2,64.72,35.64,947.0,311.51
2022-04-30,4.92,8.13,1.88,0.0,0.0,25.9,24.92,17.86,9.08,9.35,91.2,64.72,35.64,947.0,311.51
2022-05-01,4.58,6.664,1.46,0.1,0.1,29.61,27.98,19.41,10.76,11.21,91.48,69.38,42.46,1281.0,271.28
2022-05-02,3.35,8.23,2.14,0.0,0.0,21.63,21.15,17.25,13.43,13.77,93.55,84.8,73.1,1157.0,240.38
2022-05-03,4.08,7.74,1.88,0.8,1.3,23.14,21.91,17.15,12.21,12.53,92.85,79.3,56.28,1185.0,283.86
2022-05-04,1.53,8.92,2.66,2.9,15.7,17.23,16.97,15.02,13.15,13.29,94.1,90.87,82.25,614.5,78.76
2022-05-05,3.6,9.9,2.38,0.3,0.4,22.54,22.1,17.12,12.31,12.61,92.63,71.9,56.01,1290.0,216.36
2022-05-06,4.47,6.664,1.46,0.0,0.0,25.1,23.99,17.12,10.22,10.74,95.62,76.7,55.91,997.0,322.08
2022-05-07,4.45,5.88,1.18,0.0,0.0,23.24,22.88,16.92,9.68,10.03,94.45,72.83,48.77,1012.0,324.95
2022-05-08,5.06,6.566,1.41,0.0,0.0,26.22,25.77,18.17,8.94,9.85,92.2,62.96,30.67,981.0,329.04
2022-05-09,4.73,6.566,1.5,0.0,0.0,24.38,23.94,18.34,11.26,12.53,95.93,73.08,47.2,961.0,324.98
2022-05-10,4.63,5.586,1.14,0.0,0.0,23.62,23.19,17.61,9.69,10.06,92.95,68.85,43.68,972.0,332.13
2022-05-11,4.71,6.272,1.43,0.0,0.0,23.72,23.34,18.0,9.99,10.55,94.88,75.35,50.19,979.0,335.88
2022-05-12,4.69,9.21,2.59,0.0,0.0,23.25,22.66,18.81,14.81,15.54,93.28,77.98,59.67,988.0,324.62
2022-05-13,4.74,5.684,1.38,0.0,0.0,26.54,24.89,19.39,12.51,13.14,94.67,78.09,53.32,936.0,320.47
2022-05-14,5.01,6.174,1.44,0.0,0.0,25.93,25.45,19.65,12.48,13.36,94.78,70.93,38.31,1102.0,321.01
2022-05-15,5.01,5.782,1.37,0.0,0.0,27.62,26.69,20.76,14.0,14.28,91.5,68.32,47.57,997.0,317.22
2022-05-16,4.97,5.194,1.3,0.0,0.0,27.11,26.8,20.91,14.0,14.19,94.03,75.26,55.85,951.0,324.46
2022-05-17,5.22,5.292,1.31,0.0,0.0,28.26,27.81,21.28,13.7,13.89,94.17,74.46,43.3,952.0,325.69
2022-05-18,5.05,5.978,1.5,0.0,0.0,27.49,26.3,21.1,14.37,14.67,94.0,76.33,57.17,963.0,329.4
2022-05-19,5.65,9.7,2.96,0.0,0.0,26.65,26.06,22.44,15.48,16.01,79.68,65.39,53.0,960.0,328.59
2022-05-20,6.4,12.25,3.44,0.0,0.0,28.0,27.27,23.78,19.52,20.11,71.17,59.75,45.59,943.0,316.72
2022-05-21,5.71,9.11,2.48,0.0,0.0,27.83,27.15,22.92,14.95,15.28,88.77,62.6,46.08,971.0,329.57
2022-05-22,5.31,5.586,1.28,0.0,0.0,31.96,31.03,23.49,14.03,14.39,90.02,58.03,29.4,1109.0,285.91
2022-05-23,6.55,10.09,2.44,0.0,0.0,31.69,30.82,24.58,17.04,17.58,90.52,57.79,34.73,968.0,334.16
2022-05-24,5.45,7.74,2.1,0.0,0.0,28.2,27.12,22.44,15.51,16.14,94.63,75.81,49.82,966.0,327.15
2022-05-25,5.56,9.02,1.99,0.0,0.0,24.8,23.98,19.66,15.01,15.4,86.0,58.76,34.6,1076.0,346.92
2022-05-26,5.28,7.25,1.41,0.0,0.0,26.37,25.61,19.81,11.68,11.89,92.05,61.21,38.27,973.0,343.63
2022-05-27,6.12,7.35,1.7,0.0,0.0,30.35,29.82,21.55,12.18,12.65,85.1,56.46,27.89,976.0,344.46
2022-05-28,6.21,8.33,1.75,0.0,0.0,30.77,30.3,22.72,13.19,13.51,87.15,51.97,27.48,973.0,340.99
2022-05-29,6.52,9.9,2.03,0.0,0.0,34.6,33.67,24.42,15.58,15.78,85.47,54.6,28.96,1066.0,301.74
2022-05-30,5.7,8.13,1.62,0.0,0.0,31.83,31.08,22.67,14.84,15.1,91.2,65.3,30.96,1106.0,296.58
2022-05-30,5.7,8.13,1.62,0.0,0.0,31.83,31.08,22.67,14.84,15.1,91.2,65.3,30.96,1106.0,296.58
2022-05-31,5.19,7.35,1.64,0.0,0.0,27.05,26.55,21.8,15.48,15.92,93.25,77.07,63.86,966.0,337.58
2022-06-01,5.09,6.174,1.4,0.0,0.0,26.71,26.0,21.81,15.82,16.93,94.93,79.94,64.13,1003.0,332.43
2022-06-02,4.93,6.37,1.45,0.0,0.0,28.2,27.51,22.5,14.87,15.82,96.53,76.98,48.46,1163.0,292.04
2022-06-03,5.06,6.762,1.58,0.0,0.0,28.79,28.24,22.76,16.16,16.56,94.72,77.68,57.81,1008.0,303.72
2022-06-04,6.08,8.92,1.96,0.0,0.0,30.72,30.1,22.95,14.91,15.3,94.03,67.17,39.53,962.0,339.28
2022-06-05,6.55,8.43,1.92,0.0,0.0,33.52,32.84,24.67,15.78,16.08,88.9,48.96,24.6,1044.0,316.83
2022-06-06,5.93,6.468,1.34,0.0,0.0,30.68,30.1,23.19,13.96,14.56,89.57,57.82,33.04,978.0,345.84
2022-06-07,6.31,6.174,1.65,0.0,0.0,32.24,31.51,24.18,15.85,16.45,91.18,64.33,32.15,964.0,342.48
2022-06-08,5.62,7.64,1.43,0.0,0.0,34.6,33.63,25.47,15.68,16.18,88.63,62.02,32.96,1056.0,274.75
2022-06-09,6.1,8.53,2.56,0.0,0.0,29.32,28.83,24.72,20.13,20.54,91.47,74.95,51.19,962.0,339.11
2022-06-10,5.48,6.958,1.57,0.0,0.0,28.0,27.43,23.12,16.73,17.27,93.88,77.24,59.78,1017.0,342.55
2022-06-11,5.86,6.958,1.49,0.0,0.0,29.13,28.77,23.39,14.44,14.76,91.52,64.8,39.14,980.0,348.58
2022-06-12,6.19,6.272,1.46,0.0,0.0,31.53,31.01,24.04,14.95,15.48,82.13,47.93,22.19,977.0,334.6
2022-06-13,5.9,7.45,1.48,0.0,0.0,31.74,30.54,24.47,15.75,16.29,85.03,54.92,28.99,1041.0,317.51
2022-06-14,6.27,6.174,1.8,0.0,0.0,32.51,31.71,25.58,17.3,17.97,86.6,60.6,39.34,961.0,330.09
2022-06-15,5.98,6.37,1.73,0.0,0.0,34.84,33.48,26.8,19.76,20.09,84.67,62.1,31.29,1080.0,273.38
2022-06-16,6.5,6.958,1.91,0.0,0.0,33.35,32.72,27.28,19.19,19.49,82.08,52.44,31.08,936.0,314.13
2022-06-17,7.6,7.55,2.19,0.0,0.0,35.98,35.12,28.84,18.79,19.3,65.83,36.56,20.22,951.0,333.84
2022-06-18,7.24,7.45,1.91,0.0,0.0,35.66,35.08,28.0,17.78,18.43,59.93,39.09,24.55,945.0,331.61
2022-06-19,5.89,8.43,1.69,0.0,0.0,31.86,31.28,26.23,20.1,20.52,85.18,65.53,46.96,900.0,309.87
2022-06-20,5.85,7.55,1.82,0.0,0.0,32.96,32.53,25.45,18.89,19.17,89.88,70.9,46.3,955.0,297.73
2022-06-21,4.37,6.468,1.48,0.9,0.9,32.4,31.4,25.13,20.64,21.0,93.48,73.18,45.99,1045.0,200.49
2022-06-22,6.5,10.0,2.61,0.0,0.0,30.44,29.43,24.15,19.36,19.5,94.1,66.57,38.49,981.0,344.26
2022-06-23,7.18,10.68,2.48,0.0,0.0,32.37,31.55,23.99,16.53,16.93,89.88,59.2,25.06,990.0,353.19
2022-06-24,6.27,7.35,1.72,0.0,0.0,32.24,31.42,23.97,15.61,15.89,85.03,55.28,28.36,1322.0,326.25
2022-06-25,6.39,7.06,1.61,0.0,0.0,32.61,31.59,23.77,16.19,16.92,91.28,63.68,31.03,968.0,348.25
2022-06-26,5.42,7.15,1.41,0.0,0.0,28.29,27.76,22.49,14.57,15.02,92.32,75.66,55.65,965.0,339.68
2022-06-27,5.6,8.23,1.71,0.0,0.0,28.46,27.93,23.35,16.33,16.65,91.27,74.08,54.39,957.0,339.21
2022-06-28,5.78,6.468,1.78,0.0,0.0,29.01,28.09,24.46,19.26,19.81,90.85,73.83,54.65,960.0,341.25
2022-06-29,5.82,7.45,1.72,0.0,0.0,30.31,29.33,24.31,17.34,17.88,93.38,75.74,52.0,960.0,340.82
2022-06-29,5.82,7.45,1.72,0.0,0.0,30.31,29.33,24.31,17.34,17.88,93.38,75.74,52.0,960.0,340.82
2022-06-30,5.68,7.55,1.48,0.0,0.0,30.17,29.51,23.87,17.71,17.92,93.3,72.2,48.78,949.0,331.07
2022-07-01,5.8,10.19,2.93,0.0,0.0,29.63,29.07,24.59,18.52,19.04,92.43,76.59,54.87,1048.0,316.72
2022-07-02,5.0,10.0,3.36,0.0,0.0,28.64,28.04,25.13,22.29,22.68,87.57,74.06,59.24,1017.0,239.61
2022-07-03,5.65,5.782,1.78,0.0,0.0,30.98,30.27,25.97,20.47,20.93,86.35,70.37,50.67,1041.0,300.71
2022-07-04,5.44,7.15,1.54,0.0,0.0,31.76,30.64,26.36,20.8,21.46,90.28,74.08,56.58,1009.0,296.81
2022-07-05,4.81,9.7,2.55,0.0,0.0,30.17,29.52,26.19,22.02,22.62,87.18,77.15,66.34,1025.0,244.81
2022-07-06,5.77,8.92,2.92,0.1,0.1,31.32,30.82,27.03,24.04,24.5,91.47,77.42,59.34,1068.0,290.35
2022-07-07,6.06,8.04,2.35,0.0,0.0,30.05,29.55,25.71,20.87,21.35,88.72,71.93,51.41,944.0,327.83
2022-07-08,6.1,6.86,1.57,0.0,0.0,31.25,30.81,25.65,19.39,19.89,90.87,65.49,43.75,953.0,338.61
2022-07-09,6.04,6.86,1.64,0.0,0.0,31.12,30.4,25.01,17.04,17.47,91.48,71.54,42.78,953.0,340.77
2022-07-10,6.04,6.37,1.42,0.0,0.0,31.65,31.12,25.63,17.57,18.05,90.27,67.15,41.56,952.0,339.72
2022-07-11,6.48,6.664,1.76,0.0,0.0,32.81,32.28,26.17,17.34,17.72,90.33,61.32,28.01,944.0,334.38
2022-07-12,7.22,7.45,2.46,0.0,0.0,32.93,32.46,27.76,20.23,21.63,77.32,51.31,32.61,955.0,341.42
2022-07-13,6.49,5.684,1.27,0.0,0.0,35.69,34.76,27.13,17.14,17.49,82.58,51.98,21.26,959.0,340.37
2022-07-14,6.34,6.958,1.41,0.0,0.0,34.92,34.08,26.93,17.78,18.22,86.55,61.19,26.44,932.0,324.42
2022-07-15,6.43,5.88,1.41,0.0,0.0,34.49,33.95,26.95,19.25,19.92,90.48,61.52,32.6,946.0,336.34
2022-07-16,6.46,6.664,1.32,0.0,0.0,35.32,34.89,27.08,17.54,18.06,83.32,52.03,26.38,949.0,334.98
2022-07-17,6.37,7.84,1.46,0.0,0.0,34.04,33.59,26.98,17.31,17.82,79.22,50.16,32.09,938.0,332.76
2022-07-18,6.19,6.86,1.47,0.0,0.0,33.22,32.64,26.84,17.88,18.74,87.57,60.49,37.57,945.0,331.96
2022-07-19,6.13,6.37,1.38,0.0,0.0,33.83,33.24,26.94,18.31,18.65,90.0,63.78,30.59,928.0,322.61
2022-07-20,5.7,7.06,1.79,0.0,0.0,31.9,31.29,26.86,19.86,20.64,94.72,76.98,60.01,988.0,317.59
2022-07-21,6.62,8.62,2.29,0.0,0.0,33.45,32.8,28.15,22.25,22.62,88.25,70.24,42.91,939.0,325.59
2022-07-22,6.08,6.37,1.34,0.0,0.0,34.17,33.58,27.52,19.49,19.9,87.47,59.66,39.17,929.0,321.62
2022-07-23,5.72,6.076,1.31,0.0,0.0,33.38,32.87,26.96,19.39,20.14,91.92,75.33,52.39,915.0,312.75
2022-07-24,6.12,6.37,1.41,0.0,0.0,35.32,34.57,28.32,21.37,21.73,94.87,70.53,40.53,914.0,313.38
2022-07-25,7.34,7.94,1.72,0.0,0.0,42.46,41.14,30.82,20.47,20.73,88.53,55.22,22.97,1027.0,302.16
2022-07-26,5.74,9.02,2.47,0.0,0.0,33.0,32.17,28.64,23.56,23.99,89.47,75.75,62.26,970.0,291.88
2022-07-27,5.58,7.64,1.68,0.0,0.0,32.78,31.88,27.97,23.36,23.72,93.1,75.32,59.27,1012.0,297.14
2022-07-28,5.5,7.74,1.43,0.0,0.0,32.83,32.34,28.82,25.25,25.54,83.87,71.76,56.66,1119.0,280.73
2022-07-29,5.73,6.86,1.76,0.0,0.0,32.9,32.33,28.57,24.14,24.57,89.5,73.8,58.3,965.0,297.18
2022-07-29,5.73,6.86,1.76,0.0,0.0,32.9,32.33,28.57,24.14,24.57,89.5,73.8,58.3,965.0,297.18
2022-07-30,5.51,8.53,2.78,0.0,0.0,33.04,32.11,28.47,25.18,25.44,86.1,74.11,59.12,1066.0,253.27
2022-07-31,5.99,9.21,2.66,0.0,0.0,32.57,31.85,28.54,24.51,24.83,85.17,72.33,58.4,943.0,294.99
2022-08-01,5.71,6.468,1.5,0.0,0.0,32.71,31.97,27.84,22.93,23.36,91.23,72.1,52.01,902.0,305.33
2022-08-02,5.81,7.45,1.36,0.0,0.0,34.1,33.46,27.54,20.3,20.48,90.68,66.01,36.93,904.0,302.25
2022-08-03,6.01,7.25,1.52,0.0,0.0,34.48,33.89,27.89,20.57,21.28,92.27,66.39,39.45,905.0,308.26
2022-08-04,5.83,7.15,1.69,0.0,0.0,34.14,33.41,27.94,21.42,21.66,88.95,68.92,44.07,1012.0,292.76
2022-08-05,6.22,7.45,2.32,0.0,0.0,33.62,32.85,28.37,22.56,23.12,92.08,68.05,44.88,914.0,303.04
2022-08-06,6.11,7.15,2.15,0.0,0.0,33.15,32.44,28.41,22.69,23.22,88.35,68.31,48.91,915.0,308.19
2022-08-07,5.88,7.25,1.48,0.0,0.0,33.74,32.91,26.82,18.52,19.19,90.83,66.84,33.82,913.0,309.6
2022-08-09,5.66,9.7,2.44,0.0,0.0,33.08,32.5,28.29,22.62,22.9,91.48,73.76,57.25,894.0,284.22
2022-08-10,5.68,9.11,3.09,0.0,0.0,32.74,32.03,28.47,25.35,25.71,86.27,73.38,58.84,966.0,262.2
2022-08-11,5.92,8.92,2.91,0.0,0.0,32.77,32.25,28.64,24.31,24.55,88.97,69.59,57.82,977.0,289.91
2022-08-12,5.21,6.174,1.41,0.0,0.0,34.14,33.39,27.97,19.79,20.33,91.48,69.03,43.66,850.0,264.39
2022-08-13,7.25,11.56,2.31,0.0,0.0,41.38,40.53,32.87,25.35,25.72,71.08,39.11,21.07,1026.0,230.2
2022-08-14,6.27,7.06,2.0,0.0,0.0,37.24,36.4,30.29,22.99,23.75,81.88,51.07,29.28,1068.0,254.45
2022-08-15,7.37,8.92,2.28,0.0,0.0,38.53,37.2,29.45,22.05,22.93,85.65,51.31,16.26,1096.0,292.14
2022-08-16,6.19,7.84,1.77,0.0,0.0,36.2,35.35,27.54,20.27,20.61,87.5,59.01,23.22,1041.0,275.86
2022-08-17,6.6,8.04,1.93,0.0,0.0,35.83,35.18,27.95,20.97,21.2,79.87,50.09,22.29,901.0,294.9
2022-08-18,5.51,7.35,1.76,0.0,0.0,32.13,31.31,26.7,21.88,22.63,85.77,65.9,45.9,902.0,286.12
2022-08-19,5.23,7.94,1.58,0.0,0.0,30.95,30.48,25.92,19.9,20.45,91.17,67.85,48.2,896.0,291.07
2022-08-20,4.89,6.664,1.33,0.0,0.0,31.02,30.34,25.3,18.72,19.17,89.07,72.73,59.06,946.0,286.3
2022-08-21,5.73,8.72,1.78,0.0,0.0,34.83,33.89,26.65,17.97,18.36,91.28,66.59,40.44,988.0,290.4
2022-08-22,5.21,7.94,2.09,0.0,0.0,31.42,30.91,26.63,20.1,20.67,92.27,75.09,51.25,1038.0,274.04
2022-08-23,5.09,7.25,1.62,0.0,0.0,32.37,31.42,27.0,22.49,22.7,90.2,72.88,53.77,964.0,272.62
2022-08-24,4.89,7.35,1.51,0.0,0.0,32.5,31.55,26.75,21.18,21.58,92.3,72.79,54.13,982.0,264.43
2022-08-25,4.97,7.15,1.84,0.0,0.0,32.4,31.7,27.39,22.52,23.03,89.47,74.45,58.3,909.0,259.75
2022-08-26,4.82,7.74,2.34,0.0,0.0,31.63,31.02,27.54,23.12,23.42,91.97,74.11,57.02,1034.0,239.0
2022-08-27,5.14,7.64,1.89,0.0,0.0,32.2,31.45,27.11,20.61,20.88,86.88,69.52,52.53,874.0,270.5
2022-08-28,5.32,9.02,2.8,0.0,0.0,32.1,31.53,27.58,24.37,24.58,87.4,75.64,58.94,1061.0,259.59
2022-08-28,5.32,9.02,2.8,0.0,0.0,32.1,31.53,27.58,24.37,24.58,87.4,75.64,58.94,1061.0,259.59
2022-08-29,3.69,8.53,2.19,0.0,0.0,32.03,30.54,27.51,24.91,25.01,90.22,76.21,64.36,1056.0,164.09
2022-08-30,3.7,5.586,1.09,0.0,0.0,33.26,32.26,27.7,22.28,22.49,93.02,78.19,60.22,964.0,188.29
2022-08-31,5.43,9.7,2.47,0.4,0.8,34.02,33.4,28.02,22.56,22.77,85.97,63.3,46.97,834.0,238.92
2022-09-01,4.65,7.25,1.23,0.0,0.0,34.71,33.73,27.71,21.81,22.15,86.98,66.44,43.95,860.0,233.4
2022-09-02,4.65,7.25,1.48,0.0,0.0,36.18,35.06,27.98,22.95,23.44,89.4,60.94,25.07,956.0,179.05
2022-09-03,3.8,6.076,1.23,0.0,0.0,33.25,31.92,26.63,20.9,21.81,84.17,61.29,29.25,1079.0,155.63
2022-09-04,4.67,7.25,1.27,0.0,0.0,32.16,31.35,25.78,18.75,19.24,92.0,70.23,42.34,875.0,261.81
2022-09-05,5.02,6.272,1.35,0.0,0.0,34.44,33.65,26.7,20.77,21.39,88.18,68.0,35.83,904.0,256.87
2022-09-06,4.86,5.978,1.38,0.0,0.0,34.68,34.07,26.18,18.85,19.31,88.08,56.45,28.75,929.0,232.42
2022-09-07,5.08,6.566,1.38,0.0,0.0,36.1,35.26,26.61,17.91,18.56,76.6,49.82,26.36,823.0,237.28
2022-09-08,5.03,7.84,1.31,0.0,0.0,34.14,33.53,26.17,17.74,18.27,86.37,50.44,24.35,839.0,262.87
2022-09-09,5.13,6.37,1.49,0.0,0.0,34.92,34.24,26.83,18.18,18.36,89.12,55.19,28.58,824.0,255.04
2022-09-10,4.17,7.15,1.48,0.0,0.0,31.19,30.5,25.35,18.68,19.27,94.02,79.69,61.64,861.0,242.75
2022-09-11,4.12,6.272,1.35,0.0,0.0,30.95,30.38,25.52,18.25,18.6,95.35,79.79,57.84,799.0,240.63
2022-09-12,3.84,7.06,1.78,0.0,0.0,31.59,30.94,26.94,20.61,20.94,93.47,79.43,62.34,1021.0,199.99
2022-09-13,2.23,9.11,1.71,0.0,0.0,30.13,29.68,27.18,24.87,25.05,88.33,80.15,60.51,251.0,59.19
2022-09-14,2.66,4.606,0.94,0.0,0.0,31.53,30.81,25.74,19.02,19.61,89.88,70.69,40.57,862.0,106.79
2022-09-15,4.31,7.84,1.31,0.0,0.0,33.55,32.25,24.99,18.41,18.9,89.88,60.09,31.73,917.0,218.15
2022-09-16,4.39,7.15,1.38,0.0,0.0,31.78,31.06,24.74,17.33,17.98,91.58,65.43,37.57,796.0,243.71
2022-09-17,3.96,7.06,1.87,0.0,0.0,29.87,29.09,24.77,17.97,18.41,93.28,76.81,60.46,946.0,229.91
2022-09-18,4.83,10.98,4.05,0.0,0.0,29.47,28.79,26.07,24.11,24.33,80.22,67.3,55.79,968.0,191.09
2022-09-19,4.66,9.41,2.59,0.0,0.0,29.06,28.59,24.79,20.0,20.42,79.18,63.25,42.89,839.0,213.85
2022-09-20,3.62,7.15,1.18,0.0,0.0,29.06,28.5,23.64,17.34,17.85,87.28,71.19,55.78,827.0,221.09
2022-09-21,2.84,7.25,1.3,0.0,0.0,29.0,28.35,24.12,19.42,20.06,87.5,72.44,53.44,1063.0,133.4
2022-09-22,3.86,7.84,1.48,0.0,0.0,29.73,29.31,24.01,18.38,18.63,90.13,70.08,47.95,761.0,218.55
2022-09-23,3.52,7.55,1.14,0.0,0.0,30.27,29.58,23.27,16.66,17.0,91.62,71.03,46.21,892.0,205.01
2022-09-24,3.79,8.43,1.32,0.0,0.0,31.42,30.59,24.15,17.23,17.68,86.4,67.43,46.31,795.0,210.47
2022-09-25,2.33,10.29,2.73,26.1,49.8,27.46,26.47,22.55,19.18,20.51,94.45,83.49,66.53,948.0,79.14
2022-09-26,3.27,7.55,1.72,1.3,1.3,26.18,25.51,21.57,18.28,18.4,93.55,80.37,62.86,1052.0,210.66
2022-09-27,4.34,7.64,2.09,0.1,0.1,28.91,27.85,21.45,15.95,16.54,94.9,63.62,31.08,789.0,231.94
2022-09-27,4.34,7.64,2.09,0.1,0.1,28.91,27.85,21.45,15.95,16.54,94.9,63.62,31.08,789.0,231.94
2022-09-28,4.56,8.92,1.97,0.0,0.0,30.12,29.43,22.48,15.95,16.84,82.82,53.51,27.48,798.0,225.9
2022-09-29,3.5,9.8,1.7,0.3,0.6,27.83,26.94,21.52,14.06,14.43,86.28,60.03,35.29,942.0,176.52
2022-09-30,3.97,10.88,2.68,0.0,0.0,25.85,24.34,19.36,14.57,14.93,91.7,62.99,40.99,996.0,230.33
2022-10-01,3.15,5.978,1.22,0.0,0.0,25.06,24.66,19.12,12.58,12.94,90.7,70.92,47.48,765.0,224.91
2022-10-02,3.3,6.664,1.67,0.0,0.0,25.9,25.54,20.97,14.2,15.26,86.6,73.04,55.06,743.0,213.27
2022-10-03,2.91,6.664,1.89,0.0,0.0,27.02,26.5,22.71,19.96,20.38,93.63,80.3,62.56,664.2,161.81
2022-10-04,2.05,6.076,0.91,0.0,0.0,26.96,26.45,21.6,17.26,17.57,96.1,84.98,55.13,555.2,103.75
2022-10-05,2.81,6.958,1.98,0.0,0.0,26.54,26.19,22.7,20.5,20.69,93.37,81.99,62.75,862.0,151.86
2022-10-06,1.43,8.23,1.62,10.6,33.5,23.67,22.77,20.15,17.93,18.1,93.32,88.36,79.17,717.0,61.98
2022-10-07,2.99,5.978,1.81,0.0,0.0,25.46,25.04,21.72,18.25,18.78,91.6,78.58,62.71,848.0,192.06
2022-10-08,3.08,8.72,2.65,0.0,0.0,25.2,24.94,22.31,20.06,20.3,91.0,78.48,66.16,702.0,183.2
2022-10-09,2.6,7.06,2.15,0.2,0.2,25.33,24.92,21.62,18.04,18.33,93.65,80.38,66.47,887.0,151.38
2022-10-10,2.1,10.0,1.43,7.2,11.7,25.7,25.0,20.69,16.56,16.91,95.07,86.58,73.68,891.0,131.28
2022-10-11,2.0,4.116,0.85,0.1,0.1,26.07,24.93,19.94,15.34,15.56,96.65,83.69,64.41,887.0,129.65
2022-10-12,2.68,7.74,2.15,0.0,0.0,24.87,24.36,20.88,17.23,17.97,86.32,76.36,63.0,704.0,147.8
2022-10-13,2.86,6.37,1.62,0.0,0.0,25.37,24.85,20.74,16.66,16.86,93.23,75.82,58.53,697.4,196.03
2022-10-14,3.11,6.958,1.54,0.0,0.0,28.84,28.28,20.17,14.27,14.62,94.58,78.03,51.91,689.1,196.22
2022-10-15,2.58,4.606,0.91,0.0,0.0,28.03,26.95,19.67,11.94,12.44,94.75,76.09,39.34,686.8,177.12
2022-10-16,2.57,4.606,1.13,0.0,0.0,28.87,27.84,20.72,13.49,13.75,95.17,78.34,43.39,797.0,149.23
2022-10-17,2.57,6.762,1.77,0.0,0.0,26.34,26.03,22.39,17.6,17.94,93.48,82.94,68.51,648.1,167.01
2022-10-18,2.15,6.664,1.6,0.0,0.0,26.22,25.43,22.2,18.41,18.69,95.2,88.5,75.83,845.0,140.2
2022-10-19,2.0,4.214,0.95,0.0,0.0,26.34,25.86,21.96,18.11,18.5,96.9,89.69,74.92,723.0,136.51
2022-10-20,1.54,4.606,0.81,0.0,0.0,25.91,25.34,21.63,18.78,18.96,96.28,90.23,76.87,787.0,91.67
2022-10-21,1.5,6.076,1.05,0.0,0.0,24.5,24.07,20.74,18.08,18.41,97.12,90.34,78.95,538.2,91.04
2022-10-22,1.83,3.724,0.71,0.0,0.0,27.46,26.76,21.21,17.33,17.86,96.82,89.59,69.07,778.0,121.69
2022-10-23,2.44,7.15,1.17,0.1,0.1,28.44,28.02,20.78,15.78,16.28,97.92,84.3,56.42,695.7,158.79
2022-10-24,2.3,5.88,0.81,0.0,0.0,28.94,28.29,20.16,13.62,13.94,96.8,82.73,46.87,728.0,162.83
2022-10-25,2.05,3.92,0.63,0.0,0.0,29.85,27.88,19.28,12.55,12.97,96.48,84.33,46.57,718.0,151.9
2022-10-26,2.04,3.332,0.68,0.3,0.3,30.7,28.8,19.95,13.63,13.96,96.65,74.94,35.52,656.2,126.07
2022-10-27,1.93,5.586,1.16,0.0,0.0,25.76,25.4,19.27,12.89,13.31,96.47,86.91,74.17,646.7,150.66
2022-10-27,1.93,5.586,1.16,0.0,0.0,25.76,25.4,19.27,12.89,13.31,96.47,86.91,74.17,646.7,150.66
2022-10-28,2.17,6.86,1.57,0.0,0.0,25.29,24.98,20.26,15.61,15.8,95.98,85.7,64.95,659.0,151.11
2022-10-29,2.01,6.272,1.85,0.0,0.0,24.6,23.96,20.81,17.37,18.25,91.13,83.74,71.01,718.0,126.68
2022-10-30,1.65,4.312,1.2,0.0,0.0,24.29,23.7,20.22,15.58,16.05,95.55,85.26,71.23,637.9,109.88
2022-10-31,1.57,4.508,0.74,0.0,0.0,24.69,24.04,19.81,15.14,15.85,96.97,88.54,72.27,671.6,118.98
2022-11-01,2.05,5.292,0.96,0.0,0.0,28.91,26.63,20.96,17.2,17.39,96.48,84.53,60.21,582.0,149.21
2022-11-02,1.65,5.488,0.77,0.0,0.0,25.6,24.59,19.87,15.38,16.02,97.5,88.78,70.73,681.7,128.66
2022-11-03,1.78,5.488,1.26,0.0,0.0,26.22,25.09,19.17,14.57,14.75,97.35,86.25,65.16,827.0,119.11
2022-11-04,3.01,10.29,1.94,0.0,0.0,25.7,24.98,19.29,13.33,13.64,88.97,55.51,19.4,796.0,129.8
2022-11-05,2.57,7.94,1.44,0.0,0.0,25.31,24.7,16.64,10.32,10.79,91.38,52.87,24.04,612.8,163.16
2022-11-06,1.92,6.272,1.39,0.0,0.0,24.46,23.93,16.07,9.95,10.14,93.2,82.4,61.66,592.7,156.66
2022-11-07,1.65,4.312,0.79,0.0,0.0,24.23,23.25,15.67,7.49,8.17,95.97,77.61,48.8,583.7,152.69
2022-11-08,1.62,5.194,1.08,0.2,0.2,24.43,23.94,16.41,11.13,11.37,96.87,86.76,62.7,599.0,125.3
2022-11-09,2.05,6.37,1.29,3.1,4.4,26.11,25.38,18.11,11.6,11.87,94.63,72.59,44.71,608.8,131.93
2022-11-10,2.07,7.35,2.47,0.0,0.0,22.2,21.86,17.92,13.73,14.1,95.0,73.5,60.39,627.2,140.55
2022-11-11,1.82,10.49,3.18,5.9,10.4,20.8,20.26,18.06,14.5,14.67,92.7,82.06,65.07,721.0,76.98
2022-11-12,2.05,7.45,2.51,0.0,0.0,23.76,23.49,20.43,17.74,17.89,93.3,84.93,64.14,652.9,115.89
2022-11-13,1.5,6.174,2.02,0.0,0.0,22.47,21.95,18.73,14.61,15.02,95.75,85.28,74.82,705.0,104.53
2022-11-14,1.55,4.802,1.04,0.0,0.0,24.5,23.75,17.73,13.39,13.65,97.2,86.33,63.5,579.7,127.34
2022-11-15,2.29,8.13,1.9,0.0,0.0,26.28,25.31,18.16,11.84,12.19,95.28,75.19,44.97,729.0,119.0
2022-11-16,1.06,4.606,0.84,0.4,0.8,22.25,21.76,18.32,15.04,15.51,91.3,78.34,63.76,306.8,33.71
2022-11-17,2.44,7.55,1.53,0.0,0.0,28.4,27.94,20.36,13.59,14.24,88.47,64.87,37.66,549.1,133.18
2022-12-02,1.24,9.8,3.52,6.2,12.9,14.78,14.44,12.57,11.33,11.54,92.55,80.96,71.9,503.9,40.78
2022-12-03,1.2,6.86,1.57,0.0,0.0,17.81,17.03,12.31,7.22,7.51,95.12,76.51,59.83,627.6,111.28
2022-12-04,0.92,5.782,0.78,0.0,0.0,19.55,18.88,12.68,7.32,7.81,96.45,87.26,69.14,624.5,106.53
2022-12-05,1.1,8.33,2.25,0.0,0.0,18.91,18.03,15.13,9.11,9.62,97.38,86.56,74.18,677.1,83.65
2022-12-06,0.71,4.41,0.8,1.1,2.5,17.77,17.49,15.0,13.42,13.66,95.95,90.36,81.32,286.2,32.02
2022-12-07,0.9,3.332,0.65,0.0,0.0,20.96,19.96,14.78,10.72,11.18,97.0,90.7,70.7,566.6,97.7
2022-12-08,0.78,3.234,0.62,0.0,0.0,19.58,18.45,14.12,9.88,10.27,98.08,92.51,76.0,632.8,73.78
2022-12-09,1.2,11.17,2.33,0.3,0.3,19.82,19.5,15.51,12.58,12.8,96.02,83.47,71.93,630.3,51.54
2022-12-10,1.36,5.586,1.13,0.0,0.0,22.05,21.26,15.23,9.47,10.59,91.68,71.12,46.22,703.0,94.5
2022-12-11,0.81,5.782,0.96,0.8,2.3,17.64,16.62,13.25,11.23,11.31,96.02,90.39,72.35,461.7,41.82
2022-12-12,1.4,10.19,1.99,0.0,0.0,22.15,21.65,16.05,10.25,10.57,95.73,82.33,64.54,623.7,79.81
2022-12-13,2.01,12.54,3.39,0.0,0.0,22.63,21.45,19.68,15.84,17.02,85.38,76.0,62.13,419.7,53.14
2022-12-14,1.6,9.51,2.12,0.6,1.1,21.52,21.15,17.97,14.5,15.65,93.1,79.66,55.41,218.9,34.61
2022-12-15,1.19,10.58,2.55,1.7,3.3,18.35,18.03,14.75,9.08,9.58,93.08,85.0,72.77,699.3,69.71
2022-12-16,1.02,4.508,1.12,0.0,0.0,18.21,17.77,11.74,6.308,6.96,93.5,83.01,60.17,553.7,88.54
2022-12-17,0.94,3.626,0.89,0.0,0.0,18.97,18.23,12.44,6.81,7.61,94.77,84.08,60.85,572.3,109.13
2022-12-18,0.76,4.116,0.58,0.0,0.0,19.09,18.21,12.04,7.15,7.46,97.92,90.63,73.63,636.8,106.04
2022-12-19,0.85,4.802,1.13,0.1,0.1,18.27,18.0,13.06,8.1,8.71,97.67,90.64,75.67,680.7,83.47
2022-12-20,0.98,5.586,1.39,0.1,0.1,18.85,18.37,11.88,7.21,7.48,98.53,91.87,70.31,532.7,91.52
2022-12-21,1.51,6.566,1.42,0.0,0.0,22.04,21.47,14.44,9.21,9.83,96.43,74.35,44.97,665.1,97.54
2022-12-22,2.01,11.27,2.27,0.0,0.0,22.99,22.27,15.85,8.97,9.31,88.25,68.97,46.87,493.2,117.52
2022-12-23,1.55,7.15,1.79,0.0,0.0,22.22,21.53,14.78,9.81,10.15,95.3,78.99,54.87,485.3,114.33
2022-12-24,1.19,4.41,1.41,0.0,0.0,21.68,21.0,13.32,7.82,8.31,94.85,85.06,67.04,491.7,118.18
2022-12-25,1.1,3.92,0.86,0.0,0.0,21.67,21.1,12.19,6.075,6.71,96.38,84.01,51.27,495.6,117.51
2022-12-26,1.12,3.234,0.75,0.0,0.0,23.59,22.91,12.66,5.296,5.95,98.22,82.32,48.61,516.8,114.78
2022-12-26,1.12,3.234,0.75,0.0,0.0,23.59,22.91,12.66,5.296,5.95,98.22,82.32,48.61,516.8,114.78
2022-12-27,0.87,3.822,0.5,0.0,0.0,20.89,20.34,11.27,5.228,5.92,96.03,79.24,47.54,492.2,117.74
2022-12-28,0.99,3.724,0.81,0.0,0.0,19.81,19.34,10.56,4.279,4.88,96.2,85.52,54.97,499.4,119.95
2022-12-29,1.56,6.762,1.51,0.0,0.0,21.54,21.0,11.7,5.533,6.04,93.53,76.61,46.94,511.0,111.82
2022-12-30,1.5,5.488,1.19,0.0,0.0,22.62,21.83,12.78,6.642,7.39,89.48,73.41,42.23,484.0,109.73
2022-12-31,1.3,3.528,1.09,0.0,0.0,22.12,21.13,11.83,5.802,6.22,92.7,77.23,49.64,578.5,112.21
2023-01-01,0.96,3.626,0.53,0.0,0.0,21.84,20.8,10.19,4.041,4.45,96.7,84.8,40.47,545.7,96.91
2023-01-02,0.94,3.528,0.66,0.0,0.0,19.95,19.1,10.64,4.787,5.22,97.05,84.06,51.13,646.4,100.09
2023-01-03,0.71,3.92,0.52,0.0,0.0,18.28,17.34,10.87,4.686,5.02,96.98,91.47,75.43,638.3,77.96
2023-01-04,0.65,2.254,0.33,0.0,0.0,17.43,17.14,11.26,5.465,5.83,97.1,90.79,69.83,528.0,46.73
2023-01-05,0.82,4.312,0.6,0.0,0.0,18.12,17.44,9.87,3.974,4.62,97.73,87.25,62.88,487.9,114.64
2023-01-06,1.13,5.978,1.35,0.0,0.0,18.78,18.11,10.08,4.211,4.42,96.3,86.98,62.99,499.8,120.85
2023-01-07,1.34,5.488,1.18,0.0,0.0,19.88,19.03,10.69,4.855,5.25,96.65,80.76,43.16,510.6,123.25
2023-01-08,1.08,9.11,1.88,0.0,0.0,18.55,18.31,13.46,5.055,5.69,90.28,81.4,73.03,192.4,38.99
2023-01-09,2.5,8.92,2.31,0.0,0.0,25.04,24.48,18.61,10.52,11.81,80.88,60.64,40.46,629.4,115.38
2023-01-10,1.5,6.86,1.41,0.0,0.0,21.44,20.71,13.08,7.05,7.83,91.63,78.13,51.43,511.3,124.95
2023-01-11,2.08,9.51,2.34,0.0,0.0,21.3,20.94,14.06,6.813,7.16,90.03,67.95,45.22,521.5,128.09
2023-01-12,1.18,5.096,1.25,0.0,0.0,18.33,18.04,13.11,7.25,7.87,95.35,78.73,62.39,567.6,126.58
2023-01-13,1.66,7.45,1.33,0.0,0.0,20.32,19.74,10.77,3.912,4.36,94.67,76.53,32.97,615.9,126.51
2023-01-14,1.33,5.782,1.36,0.0,0.0,18.61,18.17,9.99,2.933,3.24,94.4,80.95,54.2,564.2,130.82
2023-01-15,1.67,6.762,1.59,0.0,0.0,20.46,19.75,12.64,5.025,5.34,93.88,71.76,43.6,588.6,133.95
2023-01-16,3.05,12.84,3.19,0.0,0.0,21.48,20.91,14.15,6.846,7.99,78.83,53.04,31.66,624.7,118.98
2023-01-17,4.53,16.27,4.7,0.0,0.0,23.39,23.1,17.4,9.84,11.44,58.11,43.07,29.63,615.0,135.43
2023-01-18,2.52,15.88,3.61,1.0,1.0,14.03,13.63,10.58,5.518,7.29,71.73,50.48,34.26,786.0,113.2
2023-01-19,3.3,13.13,3.57,0.0,0.0,16.55,16.19,10.98,7.25,7.87,57.12,42.54,23.88,562.4,143.79
2023-01-20,2.25,9.21,2.17,0.0,0.0,20.26,19.87,13.47,7.58,9.59,81.75,62.68,39.91,664.6,137.36
2023-01-21,1.81,10.0,2.06,0.0,0.0,17.83,16.76,10.29,3.402,4.47,86.97,67.51,44.57,721.0,133.49
2023-01-22,1.85,8.43,1.85,0.0,0.0,12.87,12.22,6.63,0.935,1.84,66.55,45.93,24.48,577.3,146.81
2023-01-23,1.98,9.21,2.46,0.0,0.0,12.9,12.52,7.27,1.479,3.16,85.87,48.72,28.38,569.6,140.28
2023-01-24,1.16,9.41,2.36,1.2,5.6,9.86,9.17,7.14,4.72,5.31,89.4,78.14,57.9,432.4,30.11
2023-01-25,1.9,8.92,2.73,0.0,0.0,14.63,13.79,8.42,3.369,3.97,74.65,61.99,49.24,664.4,112.9
2023-01-25,1.9,8.92,2.73,0.0,0.0,14.63,13.79,8.42,3.369,3.97,74.65,61.99,49.24,664.4,112.9
2023-01-26,1.88,8.72,2.36,0.0,0.0,14.13,13.7,8.43,0.736,1.91,77.42,56.54,40.85,677.3,125.82
2023-01-27,1.74,9.6,1.6,0.0,0.0,14.93,14.31,7.02,0.699,1.73,89.17,61.91,28.88,592.2,146.46
2023-01-28,1.51,7.06,1.71,0.0,0.0,14.35,13.62,7.72,2.157,3.75,90.72,67.23,46.94,688.1,135.37
2023-01-29,1.47,8.72,2.31,2.6,2.6,13.38,12.78,7.26,0.027,0.59,94.37,78.22,55.82,633.3,145.73
2023-01-30,1.5,5.586,1.63,0.0,0.0,14.05,13.61,8.33,2.489,3.76,92.08,72.1,48.48,604.6,153.26
2023-01-31,1.83,6.958,1.6,0.0,0.0,18.01,17.23,7.71,0.497,0.84,92.63,76.05,40.66,614.4,157.93
2023-02-01,1.19,5.488,0.92,0.0,0.0,15.03,14.67,7.04,0.06,0.41,96.58,84.52,60.4,644.2,155.11
2023-02-02,1.51,5.978,1.58,0.0,0.0,16.28,15.39,9.66,2.259,2.9,95.38,78.57,55.26,626.7,154.24
2023-02-03,1.41,5.978,1.11,0.0,0.0,15.23,14.92,7.66,0.258,0.69,96.1,81.57,48.2,619.9,159.27
2023-02-04,2.21,5.488,1.79,0.0,0.0,19.95,19.18,9.19,1.377,1.52,92.43,70.36,36.77,635.6,166.82
2023-02-05,1.45,7.45,1.21,0.0,0.0,16.52,15.99,8.41,-0.582,-0.17,96.12,79.56,54.19,891.0,152.95
2023-02-06,1.25,11.27,2.25,0.0,0.0,14.94,14.25,9.46,3.397,3.79,96.65,84.71,69.12,927.0,89.35
2023-02-07,1.86,9.6,2.81,0.0,0.0,15.47,14.06,10.91,8.16,8.59,80.0,70.98,60.27,870.0,120.85
2023-02-08,1.72,9.7,3.2,1.7,4.0,15.75,15.04,12.04,9.47,9.82,92.88,72.08,60.42,783.0,86.07
2023-02-09,1.64,8.62,3.01,0.1,0.1,14.27,13.03,11.01,8.16,8.59,87.78,72.74,62.61,933.0,99.48
2023-02-10,1.55,7.74,1.99,0.2,0.5,14.06,12.85,9.69,7.22,7.83,80.53,71.98,56.81,892.0,78.86
2023-02-11,1.75,10.88,3.81,0.4,0.5,14.97,13.91,11.51,7.69,8.35,86.67,75.56,68.7,906.0,122.96
2023-02-12,1.72,10.49,3.17,0.0,0.0,14.57,13.93,11.51,8.76,9.25,80.78,74.1,69.01,864.0,99.67
2023-02-13,1.76,8.23,3.22,0.0,0.0,15.04,14.34,11.72,8.91,9.28,80.55,74.15,69.22,919.0,101.22
2023-02-14,1.6,9.51,3.37,0.0,0.0,15.27,14.67,12.55,9.07,9.37,85.17,78.84,72.53,666.3,86.71
2023-02-15,1.56,10.49,3.98,0.0,0.0,15.28,14.87,13.22,11.5,11.77,89.37,81.83,75.27,758.0,84.31
2023-02-16,1.94,8.62,2.9,0.0,0.0,16.79,15.91,12.92,10.89,11.12,89.82,79.51,61.78,810.0,123.88
2023-02-17,1.77,8.62,2.97,0.0,0.0,15.71,15.23,12.62,9.55,9.86,90.27,80.85,65.01,925.0,108.6
2023-02-18,1.39,7.45,2.57,0.0,0.0,15.57,15.08,12.79,11.36,11.55,91.72,85.24,74.95,1003.0,81.37
2023-02-19,2.02,6.86,2.3,0.0,0.0,17.49,16.96,13.29,9.1,9.91,92.77,78.2,63.0,664.4,166.91
2023-02-20,1.97,7.06,2.3,0.0,0.0,16.75,16.0,13.28,9.11,9.85,93.42,79.7,58.72,730.0,147.87
2023-02-21,1.73,6.272,1.26,0.5,0.6,19.24,18.34,12.53,7.31,7.79,93.68,83.37,58.63,788.0,129.64
2023-02-22,2.64,6.076,1.59,0.0,0.0,23.59,22.69,13.99,6.746,7.31,95.42,74.98,38.11,650.9,171.08
2023-02-23,1.61,6.762,1.3,0.0,0.0,18.81,17.69,12.83,8.87,9.19,98.52,87.93,68.36,859.0,132.46
2023-02-24,1.55,7.94,1.36,0.0,0.0,14.07,13.36,10.54,6.913,7.17,87.17,57.54,38.66,347.7,61.1
2023-02-24,1.55,7.94,1.36,0.0,0.0,14.07,13.36,10.54,6.913,7.17,87.17,57.54,38.66,347.7,61.1
2023-02-25,2.37,13.43,1.96,0.0,0.0,17.06,16.16,9.08,1.914,2.12,90.85,65.28,30.98,955.0,143.49
2023-02-26,3.19,12.84,2.87,0.0,0.0,17.49,17.12,10.84,2.622,3.27,79.8,50.75,29.44,745.0,206.98
2023-02-27,3.9,15.09,4.06,0.0,0.0,12.57,12.22,9.04,5.565,6.52,42.14,31.08,21.18,771.0,215.9
2023-02-28,3.17,14.01,2.66,0.0,0.0,17.01,16.24,8.57,2.326,3.0,78.6,45.39,25.69,749.0,211.31
2023-03-01,2.42,9.9,1.85,2.4,3.0,15.26,14.72,8.07,-0.146,0.75,86.22,64.91,34.28,753.0,203.62
2023-03-02,2.66,9.51,1.98,0.0,0.0,14.28,13.96,8.22,1.919,3.16,78.6,50.41,27.09,830.0,217.01
2023-03-03,2.88,10.58,1.95,0.0,0.0,18.2,17.19,9.04,1.104,2.08,90.08,60.98,26.46,776.0,217.7
2023-03-04,2.19,6.566,1.28,0.0,0.0,17.25,16.64,9.04,1.173,1.56,94.15,77.02,50.79,778.0,212.41
2023-03-05,2.47,6.664,1.53,0.8,1.3,18.35,17.89,10.79,1.647,2.05,93.13,68.94,31.48,748.0,171.65
2023-03-06,2.51,6.566,1.32,0.1,0.1,21.22,20.33,13.43,5.193,5.55,95.5,71.43,37.54,979.0,177.44
2023-03-07,3.21,8.82,1.65,0.0,0.0,25.24,23.87,15.72,8.9,9.49,90.18,63.58,29.92,934.0,179.0
2023-03-08,3.34,8.33,1.93,0.0,0.0,24.81,23.83,16.18,8.26,8.98,91.45,68.94,42.99,768.0,217.88
2023-03-09,2.22,5.782,1.38,1.6,1.6,22.36,21.83,16.42,9.62,10.3,88.78,70.27,47.92,601.4,111.54
2023-03-10,4.33,10.78,2.11,0.0,0.0,27.32,26.94,18.56,10.08,11.32,84.28,52.28,25.36,815.0,227.78
2023-03-11,4.92,10.78,2.33,0.0,0.0,29.79,29.02,20.15,11.67,12.24,71.04,49.11,24.88,813.0,226.68
2023-03-12,4.87,11.17,2.99,0.0,0.0,29.15,28.0,21.07,12.58,13.24,77.3,53.0,35.27,801.0,224.51
2023-03-13,3.65,9.31,1.72,0.0,0.0,26.54,25.96,17.73,10.36,11.14,90.52,66.21,39.88,859.0,224.58
2023-03-14,5.28,12.64,3.28,0.0,0.0,25.84,25.0,18.72,11.1,11.93,73.97,44.16,18.92,919.0,238.45
2023-03-15,3.5,6.664,1.73,0.0,0.0,22.54,21.98,16.23,9.41,10.12,95.33,59.62,32.27,819.0,242.44
2023-03-16,3.24,7.15,1.71,0.0,0.0,21.16,20.6,14.59,9.68,10.04,98.82,76.64,40.09,828.0,244.23
2023-03-17,2.77,8.33,1.56,0.0,0.0,20.35,19.63,13.82,8.13,8.58,93.08,76.77,53.84,1080.0,215.62
2023-03-18,2.46,6.762,1.43,0.2,0.2,22.1,21.49,14.47,8.3,8.6,93.35,75.42,42.62,1002.0,129.92
2023-03-19,3.74,9.6,3.08,0.0,0.0,20.39,20.03,15.48,8.67,9.38,93.97,64.93,40.19,828.0,247.75
2023-03-20,3.06,6.076,1.4,0.0,0.0,20.72,19.96,14.29,6.434,7.65,95.45,76.64,47.64,848.0,248.11
2023-03-21,3.08,8.23,1.71,0.0,0.0,21.6,20.77,13.7,7.35,8.06,94.67,79.1,53.72,910.0,241.66
2023-03-22,3.15,7.45,1.22,0.0,0.0,23.11,22.43,13.72,5.431,5.89,94.73,76.28,46.69,835.0,246.75
2023-03-23,3.98,7.84,1.49,0.0,0.0,25.55,24.79,14.41,4.787,5.06,91.88,61.87,22.76,867.0,263.74
2023-03-24,3.92,6.958,1.55,0.0,0.0,28.54,26.81,17.42,7.32,7.93,85.8,57.81,29.53,914.0,220.49
2023-03-25,4.0,7.55,1.43,0.0,0.0,27.25,26.54,18.91,9.62,9.97,84.98,58.15,38.53,848.0,258.96
2023-03-26,4.85,7.94,2.19,0.0,0.0,28.17,27.4,20.26,10.19,10.57,83.75,53.82,24.96,901.0,256.13
2023-03-26,4.85,7.94,2.19,0.0,0.0,28.17,27.4,20.26,10.19,10.57,83.75,53.82,24.96,901.0,256.13
2023-03-27,4.04,10.0,1.89,0.0,0.0,22.47,21.6,16.44,7.66,8.5,86.27,52.72,21.66,881.0,259.75
2023-03-28,3.13,6.958,1.57,0.0,0.0,19.87,19.22,13.68,5.937,7.14,93.35,77.71,58.29,984.0,263.84
2023-03-29,3.44,6.468,1.37,0.0,0.0,21.22,20.56,14.35,7.86,8.75,94.27,78.21,44.68,885.0,272.84
2023-03-30,4.17,8.62,1.92,0.0,0.0,27.13,26.03,16.86,7.28,7.84,94.03,72.61,40.07,919.0,257.14
2023-04-14,5.24,10.88,2.35,0.0,0.0,26.54,25.56,17.61,8.73,9.3,81.4,50.44,22.1,971.0,280.04
2023-04-15,6.49,10.39,2.87,0.0,0.0,29.11,28.41,21.9,15.28,16.83,68.0,41.51,22.5,931.0,300.05
2023-04-16,4.26,9.6,2.64,0.0,0.0,21.18,20.76,16.72,9.0,9.56,86.53,63.94,50.45,957.0,302.64
2023-04-17,3.93,7.64,1.55,0.0,0.0,21.08,20.57,14.52,6.241,6.9,93.78,70.33,45.39,975.0,303.12
2023-04-18,3.98,9.02,2.65,0.0,0.0,20.79,20.02,16.08,10.93,11.59,86.18,71.25,55.34,1128.0,282.94
2023-04-19,3.98,9.7,3.21,0.0,0.0,20.72,20.21,16.61,12.99,13.44,84.87,72.18,55.41,1163.0,256.85
2023-04-20,4.62,8.53,1.76,0.0,0.0,24.93,23.97,16.97,9.75,10.08,86.03,61.52,31.76,943.0,293.64
2023-04-21,4.57,7.55,1.47,0.0,0.0,25.12,24.53,17.26,9.14,9.37,93.18,63.49,31.98,940.0,304.92
2023-04-22,3.43,7.06,1.12,0.0,0.0,25.39,24.6,17.73,9.21,9.49,92.02,75.12,50.95,1101.0,218.66
2023-04-23,5.33,8.04,1.61,0.0,0.0,29.77,28.17,20.47,11.23,11.71,88.08,48.18,24.13,938.0,311.65
2023-04-24,4.7,7.74,1.8,0.0,0.0,25.23,24.52,18.72,10.82,11.32,92.72,65.24,42.89,934.0,309.98
2023-04-25,5.47,9.31,1.95,0.0,0.0,30.75,29.9,20.72,11.5,12.17,94.4,64.12,32.59,927.0,294.57
2023-04-25,5.47,9.31,1.95,0.0,0.0,30.75,29.9,20.72,11.5,12.17,94.4,64.12,32.59,927.0,294.57
2023-04-26,4.27,7.25,2.14,0.0,0.0,23.68,23.06,18.75,12.11,12.8,92.7,77.85,64.2,945.0,305.29
2023-04-27,4.54,7.25,1.98,0.0,0.0,24.65,24.2,20.07,16.79,17.04,94.05,77.94,55.14,932.0,295.95
2023-04-28,4.13,7.45,1.8,0.0,0.0,25.7,25.19,20.3,13.25,13.66,94.68,74.87,51.52,1040.0,249.02
2023-04-29,5.3,13.03,2.67,0.0,0.0,31.58,30.89,24.3,17.7,18.43,84.32,56.76,34.32,1082.0,196.01
2023-04-30,4.57,7.55,1.95,1.3,1.5,26.34,25.4,21.27,14.83,16.11,89.27,70.54,46.36,1030.0,264.43
2023-05-01,4.71,8.23,1.81,0.0,0.0,25.87,25.08,20.49,14.97,15.35,96.7,78.76,59.05,995.0,316.65
2023-05-02,4.84,8.62,1.86,0.0,0.0,28.23,26.78,19.94,11.74,12.48,95.97,74.38,46.68,1007.0,297.88
2023-05-03,4.64,7.15,1.93,0.0,0.0,24.72,23.88,19.13,12.24,12.58,94.18,70.79,39.46,1028.0,288.36
2023-05-04,4.2,7.25,1.33,0.0,0.0,26.88,25.96,18.91,9.52,10.3,92.77,69.36,38.6,1044.0,251.32
2023-05-05,4.53,7.15,1.73,0.0,0.0,24.35,23.65,18.7,10.58,11.08,94.45,79.48,61.33,981.0,324.2
2023-05-06,4.54,7.74,1.73,0.0,0.0,26.48,25.5,19.2,12.11,13.01,91.35,72.87,38.19,1223.0,262.18
2023-05-07,4.17,7.45,1.43,0.4,0.6,26.6,25.74,19.85,15.34,15.82,88.88,73.91,40.67,1098.0,233.7
2023-05-08,4.56,6.762,1.44,0.0,0.0,26.4,25.65,20.15,12.82,13.12,92.78,70.89,49.59,1069.0,290.83
2023-05-09,5.26,8.04,2.01,0.0,0.0,28.93,27.77,21.45,14.03,14.32,93.48,73.29,44.86,1020.0,307.48
2023-05-10,5.17,8.92,2.82,0.0,0.0,24.89,24.07,21.05,17.7,18.12,90.83,72.54,50.95,967.0,317.5
2023-05-11,4.72,9.02,2.49,0.0,0.0,23.98,23.38,20.0,15.78,16.02,92.73,72.98,56.82,1041.0,308.29
2023-05-12,3.84,11.17,2.37,0.9,3.4,23.27,22.53,18.16,14.43,14.71,94.72,75.78,54.81,1296.0,230.29
2023-05-13,3.38,11.76,1.6,1.0,1.2,21.93,21.48,16.14,12.45,13.12,95.18,76.28,50.46,1199.0,207.67
2023-05-14,5.19,8.82,2.19,0.0,0.0,26.51,25.12,17.83,9.21,9.51,93.17,65.27,29.74,1196.0,299.9
2023-05-15,6.74,10.29,2.76,0.0,0.0,28.77,27.92,20.27,12.84,14.13,83.05,52.28,19.84,1086.0,340.51
2023-05-16,6.12,12.25,2.79,0.0,0.0,26.18,25.38,19.37,12.91,13.92,85.68,55.33,24.96,997.0,335.45
2023-05-17,4.24,10.58,2.65,0.0,0.0,23.75,22.51,17.99,11.43,11.8,89.28,71.79,49.66,1041.0,250.14
2023-05-18,4.96,8.53,2.28,0.0,0.0,23.48,22.44,18.89,12.54,13.39,77.55,62.0,47.83,1151.0,315.36
2023-05-19,3.63,7.84,1.99,1.0,2.6,22.27,21.62,16.06,11.19,11.84,93.65,74.19,44.17,1124.0,205.43
2023-05-20,4.61,11.17,1.66,0.0,0.0,24.26,23.45,17.46,11.83,12.35,95.57,73.68,43.85,1115.0,304.65
2023-05-21,3.7,7.64,2.03,0.0,0.0,23.08,22.36,17.72,10.32,10.67,95.6,74.5,53.65,1042.0,225.85
2023-05-22,3.27,12.15,4.3,5.0,6.2,21.73,21.11,18.93,16.19,16.45,90.6,79.37,72.27,1080.0,194.46
2023-05-23,2.28,8.92,1.8,14.3,21.9,20.01,19.44,17.09,14.29,14.71,95.1,86.44,73.0,939.0,132.6
2023-05-24,1.9,4.116,0.96,13.3,24.9,21.19,20.72,16.9,14.83,15.14,95.9,89.35,70.42,851.0,99.39
2023-05-25,4.51,7.74,1.58,0.0,0.0,26.17,25.18,19.55,13.69,13.83,95.15,78.54,51.15,971.0,282.57
2023-05-25,4.51,7.74,1.58,0.0,0.0,26.17,25.18,19.55,13.69,13.83,95.15,78.54,51.15,971.0,282.57
2023-05-26,4.19,8.82,3.05,0.0,0.0,23.65,23.2,19.85,15.24,15.68,96.07,82.89,69.83,1175.0,286.84
2023-05-27,4.22,12.74,4.1,1.2,2.9,23.59,23.02,20.21,17.33,18.14,86.38,75.0,59.73,1006.0,216.24
2023-05-28,3.57,9.51,1.9,1.0,1.1,24.79,24.11,19.5,15.68,15.96,95.07,78.87,60.3,1089.0,205.33
2023-05-29,4.77,8.04,1.91,0.0,0.0,28.23,26.52,20.55,14.53,14.94,95.67,71.88,42.67,1137.0,267.03
2023-05-30,4.04,9.31,1.55,13.8,14.5,25.97,24.88,19.49,15.68,16.38,90.6,78.34,54.15,1192.0,237.13
2023-05-31,4.11,6.468,1.45,0.0,0.0,27.25,26.33,20.54,15.34,15.64,93.05,74.98,46.52,1053.0,226.03
2023-06-01,4.23,7.25,1.62,0.0,0.0,24.66,24.05,20.22,14.33,14.68,95.1,80.53,63.66,1023.0,275.11
2023-06-02,3.7,8.13,2.3,0.0,0.0,24.56,23.81,20.67,17.63,17.95,93.15,81.57,67.85,1221.0,219.86
2023-06-03,2.87,8.04,1.77,14.5,14.6,23.45,23.07,19.98,16.72,17.04,95.22,85.95,72.7,1250.0,166.39
2023-06-04,4.43,7.45,1.7,0.0,0.0,24.86,24.18,20.45,16.19,16.52,96.08,82.53,66.5,976.0,293.7
2023-06-05,5.0,6.37,1.44,0.0,0.0,25.05,24.46,20.54,15.21,15.41,96.62,80.83,65.4,1026.0,343.96
2023-06-06,4.99,7.25,1.79,0.0,0.0,25.56,25.14,21.27,16.19,16.55,96.25,79.39,60.75,1003.0,325.4
2023-06-07,1.61,6.272,1.58,2.1,6.7,22.11,21.94,19.98,18.11,18.28,93.75,88.15,79.5,247.0,66.19
2023-06-08,3.31,6.076,1.53,0.3,0.7,24.32,23.96,21.07,17.97,18.27,96.02,85.5,71.37,1204.0,197.89
2023-06-09,5.57,8.04,1.72,0.0,0.0,29.41,28.7,23.33,17.26,17.62,96.83,77.49,54.9,1016.0,334.42
2023-06-10,6.15,7.15,1.64,0.0,0.0,31.05,30.6,25.09,18.04,18.56,94.37,63.21,39.03,963.0,341.45
2023-06-11,5.45,7.64,1.51,0.0,0.0,29.98,29.29,23.22,17.84,18.03,91.53,72.99,41.54,1286.0,304.21
2023-06-12,3.66,6.174,1.63,0.0,0.0,26.24,25.7,22.82,20.0,20.28,94.7,82.57,70.27,940.0,210.06
2023-06-13,5.96,10.0,1.82,3.5,3.5,32.24,31.39,23.53,18.35,18.6,96.32,75.8,43.13,1300.0,321.07
2023-06-14,6.44,7.94,2.0,0.0,0.0,31.9,30.74,24.21,17.7,18.11,91.97,62.51,38.21,1058.0,349.46
2023-06-15,6.2,8.13,1.57,0.0,0.0,31.63,30.99,24.67,17.26,17.52,95.57,62.69,33.51,957.0,341.91
2023-06-16,5.86,5.684,1.36,0.0,0.0,30.58,29.99,24.45,17.74,17.99,95.45,70.07,41.12,997.0,338.47
2023-06-17,6.19,5.88,1.45,0.0,0.0,31.76,31.16,24.83,16.46,16.71,93.65,64.71,28.79,960.0,342.28
2023-06-18,6.3,10.29,2.9,0.0,0.0,30.18,29.44,25.18,20.49,21.34,79.28,60.89,36.55,1198.0,278.77
2023-06-19,6.07,6.958,1.58,0.0,0.0,31.93,31.38,26.12,19.73,20.71,87.03,55.64,33.99,941.0,313.81
2023-06-20,5.92,7.45,1.68,0.0,0.0,31.69,30.89,25.09,19.56,20.09,91.62,71.89,42.44,965.0,316.8
2023-06-21,5.62,9.6,1.7,0.0,0.0,29.93,29.5,25.03,19.15,19.64,95.22,74.2,48.67,917.0,314.03
2023-06-22,6.42,7.15,1.68,0.0,0.0,33.52,32.88,27.13,20.39,20.76,91.42,63.0,39.36,953.0,332.35
2023-06-23,6.09,8.33,2.31,0.0,0.0,30.01,29.42,25.23,19.12,19.41,84.32,70.33,56.31,949.0,342.2
2023-06-24,6.2,7.15,1.49,0.0,0.0,31.49,30.63,25.5,18.71,19.26,84.18,62.75,43.09,962.0,347.22
2023-06-24,6.2,7.15,1.49,0.0,0.0,31.49,30.63,25.5,18.71,19.26,84.18,62.75,43.09,962.0,347.22
2023-06-25,6.57,7.35,1.44,0.0,0.0,34.95,34.23,26.54,16.9,17.25,85.77,54.95,30.23,947.0,342.85
2023-06-26,6.08,8.43,1.77,0.0,0.0,33.69,32.54,27.09,19.12,19.57,85.97,60.38,39.62,927.0,303.02
2023-06-27,6.21,6.37,1.6,0.0,0.0,32.71,32.21,26.6,20.67,20.88,91.38,65.68,33.47,932.0,318.72
2023-06-28,5.81,7.94,1.89,0.0,0.0,31.22,30.58,25.63,19.05,19.33,92.9,76.95,52.13,931.0,319.03
2023-06-29,5.27,5.88,1.35,0.0,0.0,31.15,30.57,26.26,20.3,20.62,94.28,78.11,63.31,873.0,298.13
2023-06-30,5.54,9.02,2.81,0.0,0.0,29.27,28.84,25.87,22.52,22.86,91.8,77.12,61.52,1060.0,301.21
2023-07-01,5.56,6.762,1.75,0.0,0.0,30.41,29.39,26.02,21.85,22.25,89.75,75.6,60.67,1086.0,312.03
2023-07-02,5.98,7.15,1.56,0.0,0.0,30.74,30.32,25.97,19.79,20.44,93.98,71.33,47.08,945.0,334.9
2023-07-03,6.02,7.35,1.83,0.0,0.0,31.05,30.38,26.28,19.96,20.13,91.03,73.1,49.82,933.0,331.4
2023-07-04,6.49,9.51,1.78,0.0,0.0,33.76,33.19,27.5,22.05,22.2,91.73,70.43,44.21,939.0,334.41
2023-07-05,5.24,7.55,1.96,0.0,0.0,31.49,30.25,26.57,22.29,22.69,91.05,76.74,60.0,1197.0,276.33
2023-07-06,5.41,7.84,2.1,0.0,0.0,31.29,30.71,26.68,22.76,23.02,92.0,77.04,59.66,1142.0,283.56
2023-07-07,6.13,8.62,2.42,0.0,0.0,31.76,31.15,27.22,23.23,23.54,88.33,72.29,51.22,977.0,307.74
2023-07-08,5.73,6.468,1.52,0.0,0.0,33.0,32.3,27.4,20.67,20.87,89.5,73.28,57.69,896.0,308.98
2023-07-09,5.23,8.43,1.43,0.0,0.0,32.42,31.96,27.61,22.32,22.75,90.57,74.4,53.83,1036.0,269.0
2023-07-10,5.69,7.94,2.34,0.0,0.0,32.61,31.95,27.84,21.98,22.64,91.68,77.86,60.67,897.0,292.83
2023-07-11,5.45,5.782,1.46,0.0,0.0,34.31,33.55,28.57,22.05,22.27,91.77,77.22,62.99,901.0,284.55
2023-07-12,6.28,8.13,1.87,0.0,0.0,38.4,36.88,29.42,22.95,23.67,92.28,76.71,49.8,897.0,289.27
2023-07-13,5.76,8.82,2.55,0.0,0.0,33.25,32.46,28.55,24.94,25.47,88.72,76.74,58.7,1096.0,275.02
2023-07-14,5.41,6.86,1.63,0.0,0.0,32.3,31.49,28.14,23.56,24.24,84.5,72.0,57.95,1216.0,276.09
2023-07-15,6.19,8.23,1.88,0.0,0.0,34.96,34.25,28.51,22.99,23.26,89.32,73.42,53.96,919.0,309.1
2023-07-16,5.77,8.13,2.52,0.0,0.0,33.56,32.91,28.27,23.83,24.18,87.35,76.48,57.67,1144.0,272.54
2023-07-17,5.72,8.43,2.84,0.0,0.0,32.13,31.79,28.36,23.26,23.87,92.4,79.06,63.03,1104.0,291.5
2023-07-18,5.94,6.076,1.43,0.0,0.0,33.43,32.79,28.59,20.7,21.44,94.27,77.09,57.43,933.0,323.01
2023-07-19,6.91,6.174,1.83,0.0,0.0,41.5,39.79,30.64,23.53,23.98,94.2,71.71,36.45,987.0,290.06
2023-07-20,3.62,6.958,1.62,0.6,1.1,33.01,32.25,28.04,24.97,25.35,95.52,85.55,67.26,1084.0,166.04
2023-07-21,6.62,9.31,1.79,0.1,0.1,37.08,36.16,28.84,22.65,23.01,97.15,69.59,22.93,1159.0,290.94
2023-07-22,4.7,6.86,2.13,0.0,0.0,32.71,32.06,28.21,24.04,24.29,94.98,78.3,62.32,1033.0,226.83
2023-07-23,4.56,6.272,1.87,0.0,0.0,32.87,32.16,28.66,23.7,23.99,93.22,79.75,66.51,1075.0,226.13
2023-07-24,5.73,8.33,1.86,0.0,0.0,37.32,36.18,29.89,24.64,25.24,91.25,69.23,39.23,1112.0,236.02
2023-07-24,5.73,8.33,1.86,0.0,0.0,37.32,36.18,29.89,24.64,25.24,91.25,69.23,39.23,1112.0,236.02
2023-07-25,6.85,10.88,1.78,0.0,0.0,36.06,35.26,29.08,20.44,21.51,85.65,49.92,27.69,936.0,326.05
2023-07-26,5.36,8.23,2.14,0.0,0.0,32.23,31.54,27.83,22.05,22.37,89.83,75.79,60.45,1152.0,276.09
2023-07-27,5.79,6.958,2.01,0.0,0.0,32.47,31.91,28.19,23.7,23.94,87.08,73.07,54.71,1187.0,293.71
2023-07-28,5.78,6.468,1.46,0.0,0.0,32.7,32.02,27.83,22.52,22.88,89.67,73.19,55.55,909.0,313.15
2023-07-29,5.96,7.55,1.47,0.0,0.0,34.65,34.02,28.23,22.28,22.93,91.22,70.44,47.91,947.0,306.94
2023-07-30,5.87,7.35,1.66,0.0,0.0,33.04,32.6,28.12,21.61,21.92,88.55,70.22,55.68,908.0,313.36
2023-07-31,5.77,7.64,1.59,0.0,0.0,34.04,33.37,28.35,22.32,22.54,92.32,73.23,55.28,992.0,302.95
2023-08-01,6.67,8.23,1.6,0.0,0.0,37.79,37.01,29.38,22.56,22.87,89.38,63.87,35.76,917.0,316.94
2023-08-02,6.38,7.84,1.56,0.0,0.0,37.55,36.41,29.02,22.32,22.74,95.47,69.99,44.12,924.0,315.22
2023-08-03,6.97,8.82,2.56,0.0,0.0,35.86,34.49,28.91,21.64,22.25,85.08,69.48,31.5,1056.0,301.47
2023-08-04,6.17,11.66,3.6,0.0,0.0,29.84,29.24,26.66,20.4,20.77,83.6,60.99,49.51,929.0,305.34
2023-08-05,5.99,8.53,1.67,0.0,0.0,32.34,31.52,25.72,18.65,19.48,78.3,57.4,36.93,926.0,315.03
2023-08-06,5.81,6.86,1.57,0.0,0.0,32.44,31.94,26.21,18.01,18.73,86.45,66.83,44.29,934.0,316.81
2023-08-07,5.1,8.43,2.62,0.0,0.0,30.98,30.19,26.98,23.19,23.7,87.2,73.28,60.34,1240.0,252.5
2023-08-08,5.39,7.64,2.02,0.0,0.0,30.88,30.33,26.56,21.78,22.24,88.05,72.8,53.57,891.0,283.77
2023-08-09,5.16,5.88,1.38,0.0,0.0,31.84,31.22,27.42,22.08,22.43,89.48,72.52,49.49,852.0,274.76
2023-08-14,5.24,6.468,1.48,0.0,0.0,31.69,31.17,26.91,21.85,22.21,93.8,77.63,60.33,898.0,294.92
2023-08-15,5.03,7.25,1.81,0.0,0.0,32.1,31.5,27.5,22.95,23.36,91.55,78.33,62.34,884.0,267.34
2023-08-16,4.95,6.37,1.84,0.0,0.0,32.21,31.68,27.75,23.67,24.05,93.57,78.52,59.58,1007.0,256.03
2023-08-17,5.44,7.74,1.5,0.0,0.0,33.74,33.31,28.21,22.32,22.77,94.23,74.34,55.24,934.0,289.1
2023-08-18,5.7,6.272,1.33,0.0,0.0,36.06,35.56,28.43,22.15,22.48,92.85,69.7,44.57,889.0,290.38
2023-08-19,5.25,7.45,1.63,0.0,0.0,33.07,32.38,27.7,21.85,22.11,91.77,75.95,59.04,892.0,283.31
2023-08-20,5.17,6.664,1.61,0.0,0.0,32.22,31.75,28.36,24.87,25.02,91.72,78.06,63.96,909.0,278.7
2023-08-21,5.14,6.174,1.46,0.0,0.0,33.07,32.49,27.59,21.37,21.77,94.2,76.9,57.39,879.0,280.4
2023-08-22,5.53,6.86,1.84,0.0,0.0,33.84,33.24,28.17,20.67,20.95,91.37,71.32,49.22,870.0,284.2
2023-08-23,6.32,7.94,2.22,0.0,0.0,35.32,34.53,29.12,21.92,22.63,92.78,60.89,30.58,878.0,285.53
