date,eto,ndvi_mean,ndwi_mean,ndmi_mean,gndvi_mean,evi_mean,evi2_mean,savi_mean,lst_mean,sensor_temperatura_60cm_mean,sensor_humedad_60cm_mean,sensor_salinidad_60cm_mean,irrigation_mm
2022-01-01,,0.2952008564941219,-0.2849373350866505,0.1403272314394107,0.2849373350866505,0.2986953111945606,0.2290523482150719,0.2220829898705248,,,,,0.1612916666666666
2022-01-02,,,,,,,,,,,,,0.1612916666666666
2022-01-03,,,,,,,,,10.641,,,,0.1612916666666666
2022-01-04,,,,,,,,,10.563,,,,0.1612916666666666
2022-01-05,,0.0168998752277894,0.01607483903282,0.2383228581948359,-0.01607483903282,-0.1538685084488547,0.0253131187933145,0.0191867650242247,10.962,,,,0.1612916666666666
2022-01-06,,0.0168998752277894,0.01607483903282,0.2383228581948359,-0.01607483903282,-0.1538685084488547,0.0253131187933145,0.0191867650242247,8.334,,,,0.1612916666666666
2022-01-07,1.1514285714285717,,,,,,,,8.692,,,,0.1612916666666666
2022-01-08,1.2871428571428571,,,,,,,,7.197,,,,0.1612916666666666
2022-01-09,1.417142857142857,,,,,,,,8.496,,,,0.1612916666666666
2022-01-10,1.4766666666666668,0.5278817703489399,-0.5776801597876626,0.0982309997570319,0.5776801597876626,0.333104298251574,0.3691428027680662,0.3686900068013394,16.904,,,,0.1612916666666666
2022-01-11,1.465714285714286,0.5278817703489399,-0.5776801597876626,0.0982309997570319,0.5776801597876626,0.333104298251574,0.3691428027680662,0.3686900068013394,5.368,,,,0.1612916666666666
2022-01-12,1.3842857142857146,,,,,,,,7.044,,,,0.1612916666666666
2022-01-13,1.3171428571428572,,,,,,,,7.104,,,,0.1612916666666666
2022-01-14,1.312857142857143,,,,,,,,4.014,,,,0.1612916666666666
2022-01-15,1.2571428571428571,0.6009706788864292,-0.6421891299427532,0.1289316220361678,0.6421891299427532,0.1428849534055248,0.1410578604726517,0.1731240892263709,7.726,,,,0.1612916666666666
2022-01-16,1.2100000000000002,0.6009706788864292,-0.6421891299427532,0.1289316220361678,0.6421891299427532,0.1428849534055248,0.1410578604726517,0.1731240892263709,8.43,,,,0.1612916666666666
2022-01-17,1.144761904761905,,,,,,,,7.746,,,,0.1612916666666666
2022-01-18,1.1271428571428574,,,,,,,,7.979,,,,0.1612916666666666
2022-01-19,1.1700000000000002,,,,,,,,10.065,,,,0.1612916666666666
2022-01-20,1.1642857142857146,0.4525554715121378,-0.527740468744372,0.1025468218521993,0.527740468744372,0.3109469653153027,0.3405852698888935,0.3333158693352684,7.126,,,,0.1612916666666666
2022-01-21,1.1471428571428572,0.4525554715121378,-0.527740468744372,0.1025468218521993,0.527740468744372,0.3109469653153027,0.3405852698888935,0.3333158693352684,6.698,,,,0.1612916666666666
2022-01-22,1.085714285714286,,,,,,,,3.224,,,,0.1612916666666666
2022-01-23,1.0507142857142855,,,,,,,,3.014,,,,0.1612916666666666
2022-01-24,1.133571428571429,,,,,,,,3.702,,,,0.1612916666666666
2022-01-25,1.2035714285714287,-0.0205264411175806,0.0277284372323116,0.2188941308709441,-0.0277284372323116,-1.5311988255497615,-0.0344712353353465,-0.0247603920383806,6.376,,,,0.1612916666666666
2022-01-26,1.2235714285714288,-0.0205264411175806,0.0277284372323116,0.2188941308709441,-0.0277284372323116,-1.5311988255497615,-0.0344712353353465,-0.0247603920383806,6.215,,,,0.1612916666666666
2022-01-27,1.2592857142857146,,,,,,,,6.621,,,,0.1612916666666666
2022-01-28,1.2878571428571433,,,,,,,,10.587,,,,0.1612916666666666
2022-01-29,1.420714285714286,,,,,,,,8.544,,,,0.1612916666666666
2022-01-30,1.488571428571429,0.4678086206072667,-0.5405100002640585,0.0823310034990799,0.5405100002640585,0.316980147459468,0.3384019309868576,0.3349237608127907,8.323,,,,0.1612916666666666
2022-01-31,1.5478571428571433,0.4678086206072667,-0.5405100002640585,0.0823310034990799,0.5405100002640585,0.316980147459468,0.3384019309868576,0.3349237608127907,10.585,,,,0.1612916666666666
2022-02-01,1.6635714285714287,,,,,,,,11.88,,,,0.25
2022-02-02,1.8121428571428573,,,,,,,,11.667,,,,0.25
2022-02-03,1.9264285714285716,,,,,,,,10.401,,,,0.25
2022-02-04,2.002142857142857,0.3866814668061303,-0.4813545365802577,0.0559897675621705,0.4813545365802577,0.2851325131830622,0.316899484053987,0.3020492301124041,11.341,,,,0.25
2022-02-05,1.9221428571428567,0.3866814668061303,-0.4813545365802577,0.0559897675621705,0.4813545365802577,0.2851325131830622,0.316899484053987,0.3020492301124041,,,,,0.25
2022-02-06,1.8478571428571424,,,,,,,,9.857,,,,0.25
2022-02-07,1.7549999999999997,,,,,,,,11.797,,,,0.25
2022-02-08,1.6435714285714285,,,,,,,,12.033,,,,0.25
2022-02-09,1.509285714285714,0.0467304741872138,-0.0422896762363246,0.0748253181332447,0.0422896762363246,0.2881017514794576,0.0624343371171443,0.0497659721152215,9.393,,,,0.25
2022-02-10,1.3678571428571422,0.0467304741872138,-0.0422896762363246,0.0748253181332447,0.0422896762363246,0.2881017514794576,0.0624343371171443,0.0497659721152215,8.757,,,,0.25
2022-02-11,1.266428571428571,,,,,,,,6.428,,,,0.25
2022-02-12,1.3049999999999995,,,,,,,,9.334,,,,0.25
2022-02-13,1.397857142857143,,,,,,,,11.277,,,,0.25
2022-02-14,1.574285714285714,0.3500190181810348,-0.382596844043888,0.1033510830802995,0.382596844043888,0.1260930832292212,0.1171761900186538,0.1371488048404944,12.161,,,,0.25
2022-02-15,1.834285714285714,0.3500190181810348,-0.382596844043888,0.1033510830802995,0.382596844043888,0.1260930832292212,0.1171761900186538,0.1371488048404944,12.224,,,,0.25
2022-02-16,2.0457142857142854,,,,,,,,11.859,,,,0.25
2022-02-17,2.2971428571428567,,,,,,,,15.199,,,,0.25
2022-02-18,2.418571428571428,,,,,,,,13.504,,,,0.25
2022-02-19,2.47,0.3767620022179649,-0.4757554223302934,-0.0046221319219616,0.4757554223302934,0.2547383709032027,0.2723780086294548,0.2695087995685515,14.783,,,,0.25
2022-02-20,2.497142857142857,0.3767620022179649,-0.4757554223302934,-0.0046221319219616,0.4757554223302934,0.2547383709032027,0.2723780086294548,0.2695087995685515,15.013,,,,0.25
2022-02-21,2.451428571428571,,,,,,,,14.001,,,,0.25
2022-02-22,2.3328571428571423,,,,,,,,13.719,,,,0.25
2022-02-23,2.2242857142857138,,,,,,,,7.441,,,,0.25
2022-02-24,2.1642857142857137,0.4040807097173128,-0.5610013486909087,-0.0223765458327672,0.5610013486909087,0.2545804036933867,0.3020458666027569,0.2958029845698935,12.901,,,,0.25
2022-02-25,2.125714285714285,0.4040807097173128,-0.5610013486909087,-0.0223765458327672,0.5610013486909087,0.2545804036933867,0.3020458666027569,0.2958029845698935,8.39,,,,0.25
2022-02-26,2.222857142857142,,,,,,,,11.217,,,,0.25
2022-02-27,2.217142857142856,,,,,,,,0.97,,,,0.25
2022-02-28,2.2157142857142844,,,,,,,,12.893,,,,0.25
2022-03-01,2.214285714285713,0.3549821677266575,-0.4744859826369363,-0.0336874981876462,0.4744859826369363,0.2352741504790352,0.2557717158657605,0.2533305829665701,13.624,,,,0.4096805555555556
2022-03-02,2.3014285714285703,0.3549821677266575,-0.4744859826369363,-0.0336874981876462,0.4744859826369363,0.2352741504790352,0.2557717158657605,0.2533305829665701,13.909,,,,0.4096805555555556
2022-03-03,2.3114285714285705,,,,,,,,15.206,,,,0.4096805555555556
2022-03-04,2.234285714285713,,,,,,,,6.685,,,,0.4096805555555556
2022-03-05,2.1214285714285706,,,,,,,,6.906,,,,0.4096805555555556
2022-03-06,1.998571428571428,-0.0029002456423887,0.033065416834882,0.7655133292323254,-0.033065416834882,0.0144016059405613,-0.0051854496562212,-0.0036122862795428,0.085,,,,0.4096805555555556
2022-03-07,1.9099999999999988,-0.0029002456423887,0.033065416834882,0.7655133292323254,-0.033065416834882,0.0144016059405613,-0.0051854496562212,-0.0036122862795428,2.947,,,,0.4096805555555556
2022-03-08,1.859999999999999,,,,,,,,12.931,,,,0.4096805555555556
2022-03-09,1.8357142857142847,,,,,,,,13.04,,,,0.4096805555555556
2022-03-10,1.818571428571428,,,,,,,,15.964,,,,0.4096805555555556
2022-03-11,1.912857142857142,0.1065069976888719,-0.0868857684926908,0.2913627546341693,0.0868857684926908,0.2414208755629961,0.1059229855166107,0.0947663471346995,10.272,,,,0.4096805555555556
2022-03-12,2.019999999999999,0.1065069976888719,-0.0868857684926908,0.2913627546341693,0.0868857684926908,0.2414208755629961,0.1059229855166107,0.0947663471346995,16.343,,,,0.4096805555555556
2022-03-13,2.269999999999999,,,,,,,,,,,,0.4096805555555556
2022-03-14,2.464285714285713,,,,,,,,12.76,,,,0.4096805555555556
2022-03-15,2.694285714285713,,,,,,,,,,,,0.4096805555555556
2022-03-16,2.697857142857142,0.0324713883952039,-0.050143014822827,0.4621593190021201,0.050143014822827,0.150961201210491,0.0513863495138824,0.0379734135797766,,,,,0.4096805555555556
2022-03-17,2.5421428571428564,0.0324713883952039,-0.050143014822827,0.4621593190021201,0.050143014822827,0.150961201210491,0.0513863495138824,0.0379734135797766,4.01,,,,0.4096805555555556
2022-03-18,2.5014285714285704,,,,,,,,10.735,,,,0.4096805555555556
2022-03-19,2.458571428571428,,,,,,,,9.837,,,,0.4096805555555556
2022-03-20,2.2928571428571423,,,,,,,,6.175,,,,0.4096805555555556
2022-03-21,2.137142857142857,-0.0229585693455415,0.0596690562049873,0.2138267350001413,-0.0596690562049873,0.122848531784734,-0.0400453233532225,-0.0282405699206302,4.492,,,,0.4096805555555556
2022-03-22,1.7871428571428567,-0.0229585693455415,0.0596690562049873,0.2138267350001413,-0.0596690562049873,0.122848531784734,-0.0400453233532225,-0.0282405699206302,5.12,,,,0.4096805555555556
2022-03-23,1.5649999999999995,,,,,,,,,,,,0.4096805555555556
2022-03-24,1.5821428571428566,,,,,,,,,,,,0.4096805555555556
2022-03-25,1.518571428571428,,,,,,,,,,,,0.4096805555555556
2022-03-26,1.4928571428571422,0.0072355193561172,0.0033662445584625,0.170798689615531,-0.0033662445584625,0.3685704144175912,0.0119159110577502,0.0086408590980935,7.1,,,,0.4096805555555556
2022-03-27,1.625714285714285,0.0072355193561172,0.0033662445584625,0.170798689615531,-0.0033662445584625,0.3685704144175912,0.0119159110577502,0.0086408590980935,9.859,,,,0.4096805555555556
2022-03-28,1.6099999999999994,,,,,,,,8.7,,,,0.4096805555555556
2022-03-29,1.7042857142857135,,,,,,,,12.208,,,,0.4096805555555556
2022-03-30,1.7099999999999993,,,,,,,,,,,,0.4096805555555556
2022-03-31,1.8371428571428563,0.0661586285492435,-0.0479615739256632,0.4065089538449146,0.0479615739256632,0.3324139467516882,0.0786033051057917,0.0657615460088995,10.848,,,,0.4096805555555556
2022-04-01,2.1771428571428566,0.0661586285492435,-0.0479615739256632,0.4065089538449146,0.0479615739256632,0.3324139467516882,0.0786033051057917,0.0657615460088995,10.447,,,,0.63
2022-04-02,2.458571428571428,,,,,,,,12.054,,,,0.63
2022-04-03,2.522857142857142,,,,,,,,9.536,,,,0.63
2022-04-04,2.534285714285713,,,,,,,,,,,,0.63
2022-04-05,2.432857142857142,0.0129299516566326,-0.010683650189064,0.38616531159057,0.010683650189064,0.1543974485935368,0.0200656636686781,0.0149637957429895,,,,,0.63
2022-04-06,2.647857142857142,0.0129299516566326,-0.010683650189064,0.38616531159057,0.010683650189064,0.1543974485935368,0.0200656636686781,0.0149637957429895,10.218,,,,0.63
2022-04-07,2.8578571428571418,,,,,,,,14.404,,,,0.63
2022-04-08,2.9121428571428565,,,,,,,,16.806,,,,0.63
2022-04-09,2.9707142857142848,,,,,,,,20.006,,,,0.63
2022-04-10,2.967857142857142,0.437146414010251,-0.4493218108278805,0.1071737848344396,0.4493218108278805,0.3520351430920304,0.3379866607853624,0.3280043389464988,15.515,,,,0.63
2022-04-11,3.113571428571428,0.437146414010251,-0.4493218108278805,0.1071737848344396,0.4493218108278805,0.3520351430920304,0.3379866607853624,0.3280043389464988,12.639,,,,0.63
2022-04-12,3.3678571428571416,,,,,,,,14.24,,,,0.63
2022-04-13,3.4657142857142844,,,,,,,,8.68,,,,0.63
2022-04-14,3.407142857142856,,,,,,,,12.334,,,,0.63
2022-04-15,3.4899999999999984,0.4770858844772713,-0.4964679054549481,0.1271343714878207,0.4964679054549481,0.3582020235843345,0.3672360465174815,0.3569368114236925,15.119,,,,0.63
2022-04-16,3.5242857142857127,0.4770858844772713,-0.4964679054549481,0.1271343714878207,0.4964679054549481,0.3582020235843345,0.3672360465174815,0.3569368114236925,17.71,,,,0.63
2022-04-17,3.704285714285712,,,,,,,,18.64,,,,0.63
2022-04-18,3.872857142857141,,,,,,,,22.216,,,,0.63
2022-04-19,3.968571428571426,,,,,,,,18.733,,,,0.63
2022-04-20,3.985238095238093,0.0016125744608513,0.0300853686926306,0.6617049291485647,-0.0300853686926306,-0.0084161072259494,0.0027860319528148,0.0019739841609109,11.218,,,,0.63
2022-04-21,3.922857142857141,0.0016125744608513,0.0300853686926306,0.6617049291485647,-0.0300853686926306,-0.0084161072259494,0.0027860319528148,0.0019739841609109,13.859,,,,0.63
2022-04-22,3.634285714285713,,,,,,,,13.88,,,,0.63
2022-04-23,3.4792857142857128,,,,,,,,16.673,,,,0.63
2022-04-24,3.4878571428571417,,,,,,,,15.79,,,,0.63
2022-04-25,3.4821428571428563,0.524156733125937,-0.5463944023749867,0.1339041947341356,0.5463944023749867,0.4013288126128619,0.4074326431164976,0.3947200643234566,17.415,,,,0.63
2022-04-26,3.432142857142856,0.524156733125937,-0.5463944023749867,0.1339041947341356,0.5463944023749867,0.4013288126128619,0.4074326431164976,0.3947200643234566,7.98,,,,0.63
2022-04-27,3.3040476190476182,,,,,,,,,,,,0.63
2022-04-28,3.097857142857141,,,,,,,,,,,,0.63
2022-04-29,3.1878571428571414,,,,,,,,17.165,,,,0.63
2022-04-30,3.3971428571428564,0.3352333573532885,-0.3925493833471517,0.0589080267265194,0.3925493833471517,0.2751563550507434,0.2708598563417059,0.2595732815441538,18.097,,,,0.63
2022-05-01,3.4342857142857133,0.3352333573532885,-0.3925493833471517,0.0589080267265194,0.3925493833471517,0.2751563550507434,0.2708598563417059,0.2595732815441538,19.705,,,,0.9290347222222222
2022-05-02,3.3414285714285703,,,,,,,,17.44,,,,0.9290347222222222
2022-05-03,3.444285714285713,,,,,,,,19.711,,,,0.9290347222222222
2022-05-04,3.697142857142856,,,,,,,,,,,,0.9290347222222222
2022-05-05,4.099999999999999,0.4053096783454301,-0.4493425459158225,0.1057940783440974,0.4493425459158225,0.370881157087498,0.3593504849027414,0.3342267015918356,14.936,,,,0.9290347222222222
2022-05-06,4.278571428571428,0.4053096783454301,-0.4493425459158225,0.1057940783440974,0.4493425459158225,0.370881157087498,0.3593504849027414,0.3342267015918356,19.105,,,,0.9290347222222222
2022-05-07,4.211428571428571,,,,,,,,18.892,,,,0.9290347222222222
2022-05-08,4.28,,,,,,,,20.099,,,,0.9290347222222222
2022-05-09,4.477142857142857,,,,,,,,20.651,,,,0.9290347222222222
2022-05-10,4.555714285714286,0.4313128512413775,-0.4912691047934235,0.0349595630388768,0.4912691047934235,0.3049408463669605,0.325899350838583,0.3185041842402005,20.408,,,,0.9290347222222222
2022-05-11,4.627142857142857,0.4313128512413775,-0.4912691047934235,0.0349595630388768,0.4912691047934235,0.3049408463669605,0.325899350838583,0.3185041842402005,21.083,,,,0.9290347222222222
2022-05-12,4.677142857142856,,,,,,,,19.131,,,,0.9290347222222222
2022-05-13,4.715714285714285,,,,,,,,22.533,,,,0.9290347222222222
2022-05-14,4.7957142857142845,,,,,,,,23.456,,,,0.9290347222222222
2022-05-15,4.788571428571427,0.4237504252156273,-0.4616334819402851,0.054905269924765,0.4616334819402851,0.3196591158382227,0.3186252715646244,0.311929995652105,23.764,,,,0.9290347222222222
2022-05-16,4.822857142857141,0.4237504252156273,-0.4616334819402851,0.054905269924765,0.4616334819402851,0.3196591158382227,0.3186252715646244,0.311929995652105,23.224,,,,0.9290347222222222
2022-05-17,4.907142857142856,,,,,,,,24.425,,,,0.9290347222222222
2022-05-18,4.955714285714284,,,,,,,,23.375,,,,0.9290347222222222
2022-05-19,5.092857142857141,,,,,,,,23.251,,,,0.9290347222222222
2022-05-20,5.329999999999997,0.4030615863252857,-0.4861549564072342,0.0312510333252979,0.4861549564072342,0.2798372993215184,0.3195958266981313,0.3079793521615325,24.366,,,,0.9290347222222222
2022-05-21,5.429999999999998,0.4030615863252857,-0.4861549564072342,0.0312510333252979,0.4861549564072342,0.2798372993215184,0.3195958266981313,0.3079793521615325,22.625,,,,0.9290347222222222
2022-05-22,5.4728571428571415,,,,,,,,18.514,,,,0.9290347222222222
2022-05-23,5.698571428571427,,,,,,,,26.467,,,,0.9290347222222222
2022-05-24,5.73142857142857,,,,,,,,26.025,,,,0.9290347222222222
2022-05-25,5.804285714285713,0.3913250054980887,-0.4594209560605345,0.0160116551627145,0.4594209560605345,0.3103834781490389,0.3164626293983614,0.3031325655393914,23.326,,,,0.9290347222222222
2022-05-26,5.751428571428571,0.3913250054980887,-0.4594209560605345,0.0160116551627145,0.4594209560605345,0.3103834781490389,0.3164626293983614,0.3031325655393914,24.289,,,,0.9290347222222222
2022-05-27,5.711428571428571,,,,,,,,24.947,,,,0.9290347222222222
2022-05-28,5.782857142857142,,,,,,,,26.27,,,,0.9290347222222222
2022-05-29,5.9557142857142855,,,,,,,,23.323,,,,0.9290347222222222
2022-05-30,5.8342857142857145,0.3809804176209402,-0.4530846129675381,0.0157836365101278,0.4530846129675381,0.2995554760831302,0.3112256231366612,0.2972315642677368,23.886,,,,0.9290347222222222
2022-05-31,5.797142857142857,0.3809804176209402,-0.4530846129675381,0.0157836365101278,0.4530846129675381,0.2995554760831302,0.3112256231366612,0.2972315642677368,26.242,,,,0.9290347222222222
2022-06-01,5.73,,,,,,,,26.29,,,,1.12
2022-06-02,5.68,,,,,,,,19.969,,,,1.12
2022-06-03,5.528571428571429,,,,,,,,24.645,,,,1.12
2022-06-04,5.51,0.4169427710966985,-0.4990093234132548,0.0209975940037946,0.4990093234132548,0.3096690788620809,0.3355396956693931,0.3218927185554973,30.148,,,,1.12
2022-06-05,5.514285714285713,0.4169427710966985,-0.4990093234132548,0.0209975940037946,0.4990093234132548,0.3096690788620809,0.3355396956693931,0.3218927185554973,29.251,,,,1.12
2022-06-06,5.547142857142856,,,,,,,,27.545,,,,1.12
2022-06-07,5.707142857142856,,,,,,,,28.308,,,,1.12
2022-06-08,5.782857142857141,,,,,,,,24.754,,,,1.12
2022-06-09,5.949999999999998,0.3763525170869514,-0.4574693162910273,0.008764494195214,0.4574693162910273,0.2872111575036753,0.303770810365677,0.2911708606559722,30.521,,,,1.12
2022-06-10,6.009999999999999,0.3763525170869514,-0.4574693162910273,0.008764494195214,0.4574693162910273,0.2872111575036753,0.303770810365677,0.2911708606559722,28.088,,,,1.12
2022-06-11,5.978571428571428,,,,,,,,27.497,,,,1.12
2022-06-12,5.927142857142856,,,,,,,,24.178,,,,1.12
2022-06-13,5.922857142857142,,,,,,,,27.224,,,,1.12
2022-06-14,5.917142857142856,0.3934136196726658,-0.4950117913425947,0.0246120268234708,0.4950117913425947,0.2925795885871667,0.3282736468999113,0.3113773394314969,29.383,,,,1.12
2022-06-15,5.968571428571428,0.3934136196726658,-0.4950117913425947,0.0246120268234708,0.4950117913425947,0.2925795885871667,0.3282736468999113,0.3113773394314969,24.47,,,,1.12
2022-06-16,6.025714285714285,,,,,,,,25.848,,,,1.12
2022-06-17,6.328571428571428,,,,,,,,28.399,,,,1.12
2022-06-18,6.525714285714286,,,,,,,,28.52,,,,1.12
2022-06-19,6.482857142857143,0.3019537923277401,-0.3855772438596507,0.0319108123600971,0.3855772438596507,0.2500251184721462,0.2597180453480268,0.2440733284246726,23.285,,,,1.12
2022-06-20,6.475714285714287,0.3019537923277401,-0.3855772438596507,0.0319108123600971,0.3855772438596507,0.2500251184721462,0.2597180453480268,0.2440733284246726,23.192,,,,1.12
2022-06-21,6.204285714285716,,,,,,,,20.935,,,,1.12
2022-06-22,6.278571428571429,,,,,,,,27.326,,,,1.12
2022-06-23,6.375714285714286,,,,,,,,27.736,,,,1.12
2022-06-24,6.185714285714286,0.3239785423044297,-0.3596653308047623,0.0278971226443154,0.3596653308047623,0.3551404393110118,0.3004977585839444,0.2753815150163214,26.563,,,,1.12
2022-06-25,6.064285714285715,0.3239785423044297,-0.3596653308047623,0.0278971226443154,0.3596653308047623,0.3551404393110118,0.3004977585839444,0.2753815150163214,27.962,,,,1.12
2022-06-26,5.997142857142857,,,,,,,,26.786,,,,1.12
2022-06-27,5.961428571428572,,,,,,,,27.361,,,,1.12
2022-06-28,6.162857142857144,,,,,,,,28.217,,,,1.12
2022-06-29,6.065714285714287,0.3665142161924332,-0.457887277739947,0.0003882517167901,0.457887277739947,0.2772272241408707,0.2947597420606456,0.2828309261163726,28.59,,,,1.12
2022-06-30,5.851428571428572,0.3665142161924332,-0.457887277739947,0.0003882517167901,0.457887277739947,0.2772272241408707,0.2947597420606456,0.2828309261163726,27.504,,,,1.12
2022-07-01,5.784285714285716,,,,,,,,27.761,,,,1.1419375
2022-07-02,5.585714285714287,,,,,,,,18.358,,,,1.1419375
2022-07-03,5.618571428571429,,,,,,,,,,,,1.1419375
2022-07-04,5.595714285714286,0.4094964058184231,-0.5503180789165808,0.0089419037256328,0.5503180789165808,0.2329283323688585,0.2753019740835565,0.2777122112571216,,,,,1.1419375
2022-07-05,5.457142857142857,0.4094964058184231,-0.5503180789165808,0.0089419037256328,0.5503180789165808,0.2329283323688585,0.2753019740835565,0.2777122112571216,,,,,1.1419375
2022-07-06,5.45,,,,,,,,,,,,1.1419375
2022-07-07,5.504285714285714,,,,,,,,,,,,1.1419375
2022-07-08,5.547142857142858,,,,,,,,,,,,1.1419375
2022-07-09,5.695714285714287,0.3630223056820573,-0.4577290386450095,-0.0083257878794655,0.4577290386450095,0.2763587308467412,0.2912707834458742,0.2796666589183885,,,,,1.1419375
2022-07-10,5.751428571428572,0.3630223056820573,-0.4577290386450095,-0.0083257878794655,0.4577290386450095,0.2763587308467412,0.2912707834458742,0.2796666589183885,,,,,1.1419375
2022-07-11,5.900000000000001,,,,,,,,,,,,1.1419375
2022-07-12,6.244285714285716,,,,,,,,,,,,1.1419375
2022-07-13,6.347142857142858,,,,,,,,,,,,1.1419375
2022-07-14,6.387142857142858,0.3527878618142643,-0.4434461051323374,-0.0096539733015367,0.4434461051323374,0.2792828023189403,0.2829853323150852,0.2717345502288615,,,,,1.1419375
2022-07-15,6.434285714285715,0.3527878618142643,-0.4434461051323374,-0.0096539733015367,0.4434461051323374,0.2792828023189403,0.2829853323150852,0.2717345502288615,,,,,1.1419375
2022-07-16,6.494285714285716,,,,,,,,,,,,1.1419375
2022-07-17,6.541428571428573,,,,,,,,,,,,1.1419375
2022-07-18,6.5,,,,,,,,,,,,1.1419375
2022-07-19,6.344285714285715,0.3462516374763895,-0.4491736634832912,-0.0055626024865186,0.4491736634832912,0.2599108697938136,0.2810059890883867,0.2688693709549357,,,,,1.1419375
2022-07-20,6.231428571428572,0.3462516374763895,-0.4491736634832912,-0.0055626024865186,0.4491736634832912,0.2599108697938136,0.2810059890883867,0.2688693709549357,,,,,1.1419375
2022-07-21,6.271428571428572,,,,,,,,,,,,1.1419375
2022-07-22,6.221428571428572,,,,,,,,,,,,1.1419375
2022-07-23,6.115714285714286,,,,,,,,,,,,1.1419375
2022-07-24,6.08,0.3324828607137085,-0.4336532144272914,-0.0093520415534616,0.4336532144272914,0.2561828904464597,0.2662942876092723,0.2558162053588962,,,,,1.1419375
2022-07-25,6.244285714285716,0.3324828607137085,-0.4336532144272914,-0.0093520415534616,0.4336532144272914,0.2561828904464597,0.2662942876092723,0.2558162053588962,,,,,1.1419375
2022-07-26,6.1885714285714295,,,,,,,,,,,,1.1419375
2022-07-27,6.171428571428572,,,,,,,,,,,,1.1419375
2022-07-28,6.0114285714285725,,,,,,,,,,,,1.1419375
2022-07-29,5.961428571428572,0.3101094934295434,-0.4040983793188314,-0.0055889008704145,0.4040983793188314,0.2534338631590859,0.2640373565134455,0.2488273220961211,,,,,1.1419375
2022-07-30,5.931428571428572,0.3101094934295434,-0.4040983793188314,-0.0055889008704145,0.4040983793188314,0.2534338631590859,0.2640373565134455,0.2488273220961211,,,,,1.1419375
2022-07-31,5.912857142857144,,,,,,,,32.425,,,,1.1419375
2022-08-01,5.680000000000001,,,,,,,,32.298,,,,1.0290347222222225
2022-08-02,5.69,,,,,,,,32.784,,,,1.0290347222222225
2022-08-03,5.751428571428572,0.3355179543866485,-0.4382326593164537,-0.0138663866826272,0.4382326593164537,0.256984894881483,0.2668490588176445,0.2568077170213714,32.694,,,,1.0290347222222225
2022-08-04,5.798571428571429,0.3355179543866485,-0.4382326593164537,-0.0138663866826272,0.4382326593164537,0.256984894881483,0.2668490588176445,0.2568077170213714,30.401,,,,1.0290347222222225
2022-08-05,5.868571428571428,,,,,,,,31.94,,,,1.0290347222222225
2022-08-06,5.954285714285715,,,,,,,,32.323,,,,1.0290347222222225
2022-08-07,5.938571428571429,,,,,,,,31.597,,,,1.0290347222222225
2022-08-08,5.9471428571428575,0.3339466328015093,-0.4340836654921047,-0.0089077345309321,0.4340836654921047,0.250576067654813,0.2660229528536562,0.2559143317038896,32.047,,,,1.0290347222222225
2022-08-09,5.925714285714286,0.3339466328015093,-0.4340836654921047,-0.0089077345309321,0.4340836654921047,0.250576067654813,0.2660229528536562,0.2559143317038896,29.659,,,,1.0290347222222225
2022-08-10,5.878571428571429,,,,,,,,29.536,,,,1.0290347222222225
2022-08-11,5.891428571428572,,,,,,,,30.9,,,,1.0290347222222225
2022-08-12,5.747142857142859,,,,,,,,28.776,,,,1.0290347222222225
2022-08-13,5.910000000000002,0.1682653999963744,-0.2176887808276003,0.0798089404086597,0.2176887808276003,0.2047237178585567,0.1611034718693279,0.1460529078469902,31.7,,,,1.0290347222222225
2022-08-14,5.965714285714287,0.1682653999963744,-0.2176887808276003,0.0798089404086597,0.2176887808276003,0.2047237178585567,0.1611034718693279,0.1460529078469902,27.842,,,,1.0290347222222225
2022-08-15,6.194285714285717,,,,,,,,32.601,,,,1.0290347222222225
2022-08-16,6.270000000000002,,,,,,,,30.506,,,,1.0290347222222225
2022-08-17,6.401428571428574,,,,,,,,32.874,,,,1.0290347222222225
2022-08-18,6.342857142857144,0.334469295183166,-0.434803155113439,-0.0057604738556947,0.434803155113439,0.2558554982552763,0.2695415266713157,0.2584014999084787,30.686,,,,1.0290347222222225
2022-08-19,6.345714285714287,0.334469295183166,-0.434803155113439,-0.0057604738556947,0.434803155113439,0.2558554982552763,0.2695415266713157,0.2584014999084787,30.629,,,,1.0290347222222225
2022-08-20,6.00857142857143,,,,,,,,30.335,,,,1.0290347222222225
2022-08-21,5.931428571428573,,,,,,,,29.671,,,,1.0290347222222225
2022-08-22,5.6228571428571446,,,,,,,,29.987,,,,1.0290347222222225
2022-08-23,5.465714285714289,0.3295032169486657,-0.4250904521981223,-0.006215133963794,0.4250904521981223,0.2578732690117397,0.262156499091719,0.2522896641834838,31.705,,,,1.0290347222222225
2022-08-24,5.221428571428574,0.3295032169486657,-0.4250904521981223,-0.006215133963794,0.4250904521981223,0.2578732690117397,0.262156499091719,0.2522896641834838,30.587,,,,1.0290347222222225
2022-08-25,5.144285714285717,,,,,,,,35.476,,,,1.0290347222222225
2022-08-26,5.085714285714289,,,,,,,,31.725,,,,1.0290347222222225
2022-08-27,5.121428571428575,,,,,,,,31.699,,,,1.0290347222222225
2022-08-28,5.062857142857147,0.1157206965030217,-0.142130074625621,0.004728000382053,0.142130074625621,0.2386256449046681,0.1282790229945886,0.1101456107419045,28.178,,,,1.0290347222222225
2022-08-29,4.845714285714289,0.1157206965030217,-0.142130074625621,0.004728000382053,0.142130074625621,0.2386256449046681,0.1282790229945886,0.1101456107419045,26.114,,,,1.0290347222222225
2022-08-30,4.647142857142861,,,,,,,,29.056,,,,1.0290347222222225
2022-08-31,4.724285714285719,,,,,,,,33.491,,,,1.0290347222222225
2022-09-01,4.678571428571432,,,,,,,,29.948,,,,0.78
2022-09-02,4.654285714285718,0.3232682449895828,-0.4274173293445931,0.0040893273763969,0.4274173293445931,0.2437024492709362,0.2541408475305214,0.2455159309701841,23.015,,,,0.78
2022-09-03,4.462857142857146,0.3232682449895828,-0.4274173293445931,0.0040893273763969,0.4274173293445931,0.2437024492709362,0.2541408475305214,0.2455159309701841,28.29,,,,0.78
2022-09-04,4.370000000000004,,,,,,,,30.468,,,,0.78
2022-09-05,4.560000000000004,,,,,,,,33.968,,,,0.78
2022-09-06,4.7257142857142895,,,,,,,,33.566,,,,0.78
2022-09-07,4.67571428571429,0.3425896722273748,-0.4508168382234259,-0.0184060785553005,0.4508168382234259,0.238862514740131,0.2557781175023219,0.2508561937291114,38.624,,,,0.78
2022-09-08,4.730000000000004,0.3425896722273748,-0.4508168382234259,-0.0184060785553005,0.4508168382234259,0.238862514740131,0.2557781175023219,0.2508561937291114,31.972,,,,0.78
2022-09-09,4.798571428571433,,,,,,,,30.604,,,,0.78
2022-09-10,4.851428571428577,,,,,,,,29.368,,,,0.78
2022-09-11,4.772857142857148,,,,,,,,31.247,,,,0.78
2022-09-12,4.604285714285719,0.2698139925716354,-0.343650646141318,0.0843430740422889,0.343650646141318,0.3206695440362712,0.24926656325821,0.2286659867548551,27.177,,,,0.78
2022-09-13,4.228571428571433,0.2698139925716354,-0.343650646141318,0.0843430740422889,0.343650646141318,0.3206695440362712,0.24926656325821,0.2286659867548551,,,,,0.78
2022-09-14,3.882857142857148,,,,,,,,21.85,,,,0.78
2022-09-15,3.667857142857148,,,,,,,,28.341,,,,0.78
2022-09-16,3.562142857142862,,,,,,,,28.39,,,,0.78
2022-09-17,3.5321428571428624,0.3332501811082246,-0.4380619340255612,-0.0212954332151251,0.4380619340255612,0.242839130710383,0.2554128383759592,0.2485044498424062,28.595,,,,0.78
2022-09-18,3.633571428571433,0.3332501811082246,-0.4380619340255612,-0.0212954332151251,0.4380619340255612,0.242839130710383,0.2554128383759592,0.2485044498424062,25.749,,,,0.78
2022-09-19,3.7507142857142903,,,,,,,,26.407,,,,0.78
2022-09-20,3.949285714285719,,,,,,,,27.377,,,,0.78
2022-09-21,3.975000000000005,,,,,,,,32.77,,,,0.78
2022-09-22,4.022857142857148,0.3471066939537642,-0.4636768361584085,-0.0166135843476799,0.4636768361584085,0.2426107393913582,0.258070892486416,0.2533418898943994,31.712,,,,0.78
2022-09-23,3.8985714285714335,0.3471066939537642,-0.4636768361584085,-0.0166135843476799,0.4636768361584085,0.2426107393913582,0.258070892486416,0.2533418898943994,25.331,,,,0.78
2022-09-24,3.874285714285719,,,,,,,,23.952,,,,0.78
2022-09-25,3.517142857142862,,,,,,,,20.37,,,,0.78
2022-09-26,3.3185714285714334,,,,,,,,21.642,,,,0.78
2022-09-27,3.421428571428576,0.4048865996911875,-0.5125834976063399,0.0071787873023479,0.5125834976063399,0.247636699163523,0.2744401649373476,0.2762768532409043,22.168,,,,0.78
2022-09-28,3.667142857142861,0.4048865996911875,-0.5125834976063399,0.0071787873023479,0.5125834976063399,0.247636699163523,0.2744401649373476,0.2762768532409043,21.714,,,,0.78
2022-09-29,3.61571428571429,,,,,,,,22.343,,,,0.78
2022-09-30,3.680000000000004,,,,,,,,21.043,,,,0.78
2022-10-01,3.588571428571433,,,,,,,,,,,,0.4612916666666666
2022-10-02,3.7271428571428618,0.4025437011093389,-0.4985966118144206,-0.01354912015014,0.4985966118144206,0.2493999727436754,0.2709159750918874,0.2730756698817503,,,,,0.4612916666666666
2022-10-03,3.67571428571429,0.4025437011093389,-0.4985966118144206,-0.01354912015014,0.4985966118144206,0.2493999727436754,0.2709159750918874,0.2730756698817503,,,,,0.4612916666666666
2022-10-04,3.348571428571433,,,,,,,,,,,,0.4612916666666666
2022-10-05,3.098571428571433,,,,,,,,,,,,0.4612916666666666
2022-10-06,2.802857142857148,,,,,,,,,,,,0.4612916666666666
2022-10-07,2.557857142857148,0.4014844203093013,-0.4453052624327237,0.0570959594686607,0.4453052624327237,0.2801078934161389,0.2801554144405928,0.2800576911597957,,,,,0.4612916666666666
2022-10-08,2.547857142857148,0.4014844203093013,-0.4453052624327237,0.0570959594686607,0.4453052624327237,0.2801078934161389,0.2801554144405928,0.2800576911597957,,,,,0.4612916666666666
2022-10-09,2.4478571428571483,,,,,,,,,,,,0.4612916666666666
2022-10-10,2.332142857142862,,,,,,,,,,,,0.4612916666666666
2022-10-11,2.325000000000005,,,,,,,,,,,,0.4612916666666666
2022-10-12,2.306428571428577,0.3938020509286005,-0.4308058514458234,0.1284394642857254,0.4308058514458234,0.223176968879387,0.2172561187724598,0.2307007950348932,,,,,0.4612916666666666
2022-10-13,2.510714285714291,0.3938020509286005,-0.4308058514458234,0.1284394642857254,0.4308058514458234,0.223176968879387,0.2172561187724598,0.2307007950348932,,,,,0.4612916666666666
2022-10-14,2.6328571428571483,,,,,,,,,,,,0.4612916666666666
2022-10-15,2.5614285714285776,,,,,,,,,,,,0.4612916666666666
2022-10-16,2.557142857142863,,,,,,,,,,,,0.4612916666666666
2022-10-17,2.62428571428572,0.489865453028288,-0.507570360527664,0.0969266954381935,0.507570360527664,0.3243468108235812,0.3389494582766392,0.3393534018856579,,,,,0.4612916666666666
2022-10-18,2.6457142857142912,0.489865453028288,-0.507570360527664,0.0969266954381935,0.507570360527664,0.3243468108235812,0.3389494582766392,0.3393534018856579,,,,,0.4612916666666666
2022-10-19,2.5485714285714343,,,,,,,,,,,,0.4612916666666666
2022-10-20,2.3600000000000056,,,,,,,,,,,,0.4612916666666666
2022-10-21,2.1300000000000057,,,,,,,,,,,,0.4612916666666666
2022-10-22,2.022857142857148,0.1104945244847751,-0.0970436804851548,0.2917040400817747,0.0970436804851548,0.4010777976669248,0.1340474629255592,0.1112169942162075,,,,,0.4612916666666666
2022-10-23,2.0042857142857198,0.1104945244847751,-0.0970436804851548,0.2917040400817747,0.0970436804851548,0.4010777976669248,0.1340474629255592,0.1112169942162075,,,,,0.4612916666666666
2022-10-24,1.965714285714291,,,,,,,,,21.85242424242424,21.85242424242424,21.85242424242424,0.4612916666666666
2022-10-25,1.9514285714285768,,,,,,,,,21.823958333333334,21.823958333333334,21.823958333333334,0.4612916666666666
2022-10-26,1.9571428571428624,,,,,,,,,21.6525,21.6525,21.6525,0.4612916666666666
2022-10-27,2.012857142857148,0.5885443233075689,-0.5936432417298927,0.1281554109004677,0.5936432417298927,0.3710117660096435,0.3914689497380959,0.3957983111260368,,21.535,21.535,21.535,0.4612916666666666
2022-10-28,2.1085714285714343,0.5885443233075689,-0.5936432417298927,0.1281554109004677,0.5936432417298927,0.3710117660096435,0.3914689497380959,0.3957983111260368,,21.434583333333336,21.434583333333336,21.434583333333336,0.4612916666666666
2022-10-29,2.13428571428572,,,,,,,,,21.425833333333333,21.425833333333333,21.425833333333333,0.4612916666666666
2022-10-30,2.021428571428577,,,,,,,,,21.395434782608696,21.395434782608696,21.395434782608696,0.4612916666666666
2022-10-31,1.917142857142863,,,,,,,,,21.324583333333333,21.324583333333333,21.324583333333333,0.4612916666666666
2022-11-01,1.917142857142863,0.5376120212136724,-0.54317656354826,0.1174867212405947,0.54317656354826,0.3724080172718548,0.3675151499079875,0.3690809688118637,22.531,21.27145833333333,21.27145833333333,21.27145833333333,0.19
2022-11-02,1.8614285714285768,0.5376120212136724,-0.54317656354826,0.1174867212405947,0.54317656354826,0.3724080172718548,0.3675151499079875,0.3690809688118637,19.795,21.38020833333333,21.38020833333333,21.38020833333333,0.19
2022-11-03,1.8400000000000056,,,,,,,,17.979,21.37291666666667,21.37291666666667,21.37291666666667,0.19
2022-11-04,1.8407142857142915,,,,,,,,16.2,21.21395833333333,21.21395833333333,21.21395833333333,0.19
2022-11-05,1.9207142857142916,,,,,,,,18.456,20.94875,20.94875,20.94875,0.19
2022-11-06,1.95928571428572,0.5467293013314735,-0.5604918218049847,0.1093700108133622,0.5604918218049847,0.3607695178418862,0.3719387135056199,0.3737722864893615,17.978,20.55333333333333,20.55333333333333,20.55333333333333,0.19
2022-11-07,1.9707142857142912,0.5467293013314735,-0.5604918218049847,0.1093700108133622,0.5604918218049847,0.3607695178418862,0.3719387135056199,0.3737722864893615,17.677,20.280833333333334,20.280833333333334,20.280833333333334,0.19
2022-11-08,1.90928571428572,,,,,,,,18.344,20.07333333333333,20.07333333333333,20.07333333333333,0.19
2022-11-09,1.9664285714285767,,,,,,,,22.983,19.88125,19.88125,19.88125,0.19
2022-11-10,2.0078571428571483,,,,,,,,17.444,19.818125,19.818125,19.818125,0.19
2022-11-11,1.9571428571428624,0.4226660418217298,-0.5241430734024671,0.2152285815262404,0.5241430734024671,0.0724747790420641,0.0682790068695779,0.0866178667447606,16.736,19.723333333333333,19.723333333333333,19.723333333333333,0.19
2022-11-12,1.8828571428571483,0.4226660418217298,-0.5241430734024671,0.2152285815262404,0.5241430734024671,0.0724747790420641,0.0682790068695779,0.0866178667447606,19.268,19.466666666666665,19.466666666666665,19.466666666666665,0.19
2022-11-13,1.8228571428571485,,,,,,,,16.953,19.613541666666663,19.613541666666663,19.613541666666663,0.19
2022-11-14,1.8085714285714345,,,,,,,,17.953,19.604166666666668,19.604166666666668,19.604166666666668,0.19
2022-11-15,1.90428571428572,,,,,,,,15.099,19.53125,19.53125,19.53125,0.19
2022-11-16,1.9297478991596693,0.0404155292227619,-0.0379040336511174,0.3683593561414812,0.0379040336511174,0.2586727198518691,0.0584929872487412,0.0450273401668814,,19.423333333333336,19.423333333333336,19.423333333333336,0.19
2022-11-17,1.9435294117647115,0.0404155292227619,-0.0379040336511174,0.3683593561414812,0.0379040336511174,0.2586727198518691,0.0584929872487412,0.0450273401668814,20.754,19.378958333333333,19.378958333333333,19.378958333333333,0.19
2022-11-18,1.9842016806722744,,,,,,,,13.233,19.33791666666667,19.33791666666667,19.33791666666667,0.19
2022-11-19,1.983193277310929,,,,,,,,13.842,19.0125,19.0125,19.0125,0.19
2022-11-20,2.051932773109249,,,,,,,,14.738,18.426666666666662,18.426666666666662,18.426666666666662,0.19
2022-11-21,2.104705882352946,0.2400027745571293,-0.2623546614510114,0.124129732124141,0.2623546614510114,0.2506488353991117,0.2012067920848971,0.1906383995149956,10.337,17.917916666666667,17.917916666666667,17.917916666666667,0.19
2022-11-22,2.042941176470593,0.2400027745571293,-0.2623546614510114,0.124129732124141,0.2623546614510114,0.2506488353991117,0.2012067920848971,0.1906383995149956,15.935,17.691875,17.691875,17.691875,0.19
2022-11-23,1.9811764705882404,,,,,,,,18.857,17.381249999999998,17.381249999999998,17.381249999999998,0.19
2022-11-24,1.919411764705888,,,,,,,,16.845,17.387083333333333,17.387083333333333,17.387083333333333,0.19
2022-11-25,1.8576470588235343,,,,,,,,14.262,17.44875,17.44875,17.44875,0.19
2022-11-26,1.7958823529411816,0.4913263472377275,-0.5466603851709211,0.0360709001294902,0.5466603851709211,0.3028722979494782,0.3203933986484027,0.3254267541600055,11.888,17.40875,17.40875,17.40875,0.19
2022-11-27,1.7341176470588289,0.4913263472377275,-0.5466603851709211,0.0360709001294902,0.5466603851709211,0.3028722979494782,0.3203933986484027,0.3254267541600055,9.761,17.158125000000002,17.158125000000002,17.158125000000002,0.19
2022-11-28,1.6723529411764757,,,,,,,,13.92,16.903125,16.903125,16.903125,0.19
2022-11-29,1.610588235294123,,,,,,,,13.25,16.600208333333335,16.600208333333335,16.600208333333335,0.19
2022-11-30,1.54882352941177,,,,,,,,10.415,16.317291666666666,16.317291666666666,16.317291666666666,0.19
2022-12-01,1.4870588235294169,0.1359995459435415,-0.1566383359862155,0.1720073692134169,0.1566383359862155,0.2040104333494529,0.1298602465234818,0.1178561832572593,,16.125208333333333,16.125208333333333,16.125208333333333,0.1193541666666666
2022-12-02,1.4252941176470642,0.1359995459435415,-0.1566383359862155,0.1720073692134169,0.1566383359862155,0.2040104333494529,0.1298602465234818,0.1178561832572593,4.02,16.06416666666667,16.06416666666667,16.06416666666667,0.1193541666666666
2022-12-03,1.36663865546219,,,,,,,,9.238,15.809583333333334,15.809583333333334,15.809583333333334,0.1193541666666666
2022-12-04,1.276806722689081,,,,,,,,14.037,15.694166666666668,15.694166666666668,15.694166666666668,0.1193541666666666
2022-12-05,1.221512605042022,,,,,,,,12.15,15.655,15.655,15.655,0.1193541666666666
2022-12-06,1.119327731092442,0.0355576378155927,-0.0370589081259047,0.0744798000230164,0.0370589081259047,0.1441831451336868,0.0454571837345596,0.0369094974346092,13.63,15.702083333333334,15.702083333333334,15.702083333333334,0.1193541666666666
2022-12-07,1.0531092436974845,0.0355576378155927,-0.0370589081259047,0.0744798000230164,0.0370589081259047,0.1441831451336868,0.0454571837345596,0.0369094974346092,13.446,15.751666666666669,15.751666666666669,15.751666666666669,0.1193541666666666
2022-12-08,0.9785714285714338,,,,,,,,,15.928333333333333,15.928333333333333,15.928333333333333,0.1193541666666666
2022-12-09,0.9542857142857194,,,,,,,,,16.023125,16.023125,16.023125,0.1193541666666666
2022-12-10,0.9771428571428624,,,,,,,,13.266,16.04375,16.04375,16.04375,0.1193541666666666
2022-12-11,0.9614285714285764,0.0255391020938509,-0.0161791451763911,0.2485128799911405,0.0161791451763911,0.1979760930674975,0.0346943408739371,0.0274593240474579,12.33,15.93875,15.93875,15.93875,0.1193541666666666
2022-12-12,1.005714285714291,0.0255391020938509,-0.0161791451763911,0.2485128799911405,0.0161791451763911,0.1979760930674975,0.0346943408739371,0.0274593240474579,12.543,15.825416666666667,15.825416666666667,15.825416666666667,0.1193541666666666
2022-12-13,1.1914285714285764,,,,,,,,15.5,15.845208333333334,15.845208333333334,15.845208333333334,0.1193541666666666
2022-12-14,1.2914285714285765,,,,,,,,15.702,16.102916666666665,16.102916666666665,16.102916666666665,0.1193541666666666
2022-12-15,1.350000000000005,,,,,,,,11.758,16.253958333333333,16.253958333333333,16.253958333333333,0.1193541666666666
2022-12-16,1.3428571428571476,0.0784569017466951,-0.0636268174428432,0.3498044219173368,0.0636268174428432,0.1665881583925154,0.0744567020017592,0.0677163484887998,10.427,16.181250000000002,16.181250000000002,16.181250000000002,0.1193541666666666
2022-12-17,1.2828571428571478,0.0784569017466951,-0.0636268174428432,0.3498044219173368,0.0636268174428432,0.1665881583925154,0.0744567020017592,0.0677163484887998,12.562,15.818333333333332,15.818333333333332,15.818333333333332,0.1193541666666666
2022-12-18,1.2757142857142905,,,,,,,,12.609,15.61875,15.61875,15.61875,0.1193541666666666
2022-12-19,1.1957142857142904,,,,,,,,11.413,15.44875,15.44875,15.44875,0.1193541666666666
2022-12-20,1.0485714285714334,,,,,,,,11.571,15.321458333333332,15.321458333333332,15.321458333333332,0.1193541666666666
2022-12-21,1.0335714285714332,0.1621034480020647,-0.1643313755754565,0.0682781711220741,0.1643313755754565,0.340757845122306,0.1850548208248419,0.1572496145963668,12.718,15.170625,15.170625,15.170625,0.1193541666666666
2022-12-22,1.1507142857142905,0.1621034480020647,-0.1643313755754565,0.0682781711220741,0.1643313755754565,0.340757845122306,0.1850548208248419,0.1572496145963668,14.251,15.049166666666666,15.049166666666666,15.049166666666666,0.1193541666666666
2022-12-23,1.2264285714285763,,,,,,,,13.994,15.034791666666663,15.034791666666663,15.034791666666663,0.1193541666666666
2022-12-24,1.262142857142862,,,,,,,,13.925,15.055,15.055,15.055,0.1193541666666666
2022-12-25,1.3107142857142906,,,,,,,,12.901,14.985833333333334,14.985833333333334,14.985833333333334,0.1193541666666666
2022-12-26,1.349285714285719,0.4000474028900021,-0.4693786189204356,0.029603085564602,0.4693786189204356,0.2694773759509696,0.2752959129751705,0.2758048364862067,11.264,14.868125,14.868125,14.868125,0.1193541666666666
2022-12-27,1.3335714285714333,0.4000474028900021,-0.4693786189204356,0.029603085564602,0.4693786189204356,0.2694773759509696,0.2752959129751705,0.2758048364862067,11.828,14.78375,14.78375,14.78375,0.1193541666666666
2022-12-28,1.2614285714285762,,,,,,,,11.633,14.538333333333334,14.538333333333334,14.538333333333334,0.1193541666666666
2022-12-29,1.1521428571428622,,,,,,,,10.45,14.385625,14.385625,14.385625,0.1193541666666666
2022-12-30,1.145000000000005,,,,,,,,12.854,14.149791666666667,14.149791666666667,14.149791666666667,0.1193541666666666
2022-12-31,1.1607142857142907,0.4152708327183957,-0.4919739883454119,-0.0058975401296295,0.4919739883454119,0.2586601647685784,0.2630579368989976,0.2694664311702133,10.742,14.036666666666669,14.036666666666669,14.036666666666669,0.1193541666666666
2023-01-01,1.140714285714291,0.4152708327183957,-0.4919739883454119,-0.0058975401296295,0.4919739883454119,0.2586601647685784,0.2630579368989976,0.2694664311702133,17.11,14.011041666666666,14.011041666666666,14.011041666666666,0.1612916666666666
2023-01-02,1.115000000000005,,,,,,,,10.514,13.837083333333332,13.837083333333332,13.837083333333332,0.1612916666666666
2023-01-03,1.0921428571428622,,,,,,,,10.593,13.684166666666668,13.684166666666668,13.684166666666668,0.1612916666666666
2023-01-04,1.0435714285714337,,,,,,,,9.915,13.6175,13.6175,13.6175,0.1612916666666666
2023-01-05,0.982857142857148,0.4263176102130139,-0.4863752116922473,0.0258355930726211,0.4863752116922473,0.2641713619232178,0.2685239615498996,0.2752635505844335,10.805,13.617708333333333,13.617708333333333,13.617708333333333,0.1612916666666666
2023-01-06,0.930000000000005,0.4263176102130139,-0.4863752116922473,0.0258355930726211,0.4863752116922473,0.2641713619232178,0.2685239615498996,0.2752635505844335,10.937,13.537291666666668,13.537291666666668,13.537291666666668,0.1612916666666666
2023-01-07,0.9357142857142908,,,,,,,,11.143,13.347708333333337,13.347708333333337,13.347708333333337,0.1612916666666666
2023-01-08,0.952857142857148,,,,,,,,6.978,13.214166666666666,13.214166666666666,13.214166666666666,0.1612916666666666
2023-01-09,1.0028571428571478,,,,,,,,17.48,13.24875,13.24875,13.24875,0.1612916666666666
2023-01-10,1.1157142857142908,0.4209532957585131,-0.4959231619952155,-0.01239923675035,0.4959231619952155,0.2606829302232773,0.2651820717776407,0.271865569910065,13.263,13.596041666666666,13.596041666666666,13.596041666666666,0.1612916666666666
2023-01-11,1.3200000000000052,0.4209532957585131,-0.4959231619952155,-0.01239923675035,0.4959231619952155,0.2606829302232773,0.2651820717776407,0.271865569910065,13.969,13.781875,13.781875,13.781875,0.1612916666666666
2023-01-12,1.3714285714285763,,,,,,,,12.966,13.805833333333332,13.805833333333332,13.805833333333332,0.1612916666666666
2023-01-13,1.4471428571428622,,,,,,,,9.701,13.838958333333332,13.838958333333332,13.838958333333332,0.1612916666666666
2023-01-14,1.4457142857142906,,,,,,,,10.095,13.701041666666669,13.701041666666669,13.701041666666669,0.1612916666666666
2023-01-15,1.530000000000005,0.3203142549170821,-0.3548487297824172,0.0443010082827178,0.3548487297824172,0.287673470182497,0.2596637037445287,0.2484423967658495,11.124,13.462291666666667,13.462291666666667,13.462291666666667,0.1612916666666666
2023-01-16,1.7885714285714336,0.3203142549170821,-0.3548487297824172,0.0443010082827178,0.3548487297824172,0.287673470182497,0.2596637037445287,0.2484423967658495,8.968,13.404791666666666,13.404791666666666,13.404791666666666,0.1612916666666666
2023-01-17,2.2214285714285764,,,,,,,,16.926,13.422083333333331,13.422083333333331,13.422083333333331,0.1612916666666666
2023-01-18,2.28428571428572,,,,,,,,7.855,13.61375,13.61375,13.61375,0.1612916666666666
2023-01-19,2.587142857142862,,,,,,,,10.932,13.402083333333332,13.402083333333332,13.402083333333332,0.1612916666666666
2023-01-20,2.6714285714285766,0.409910435070757,-0.4979545698791254,-0.0177835315374321,0.4979545698791254,0.2699529870611722,0.2774305961659696,0.2791195455633227,12.539,13.149583333333332,13.149583333333332,13.149583333333332,0.1612916666666666
2023-01-21,2.740000000000005,0.409910435070757,-0.4979545698791254,-0.0177835315374321,0.4979545698791254,0.2699529870611722,0.2774305961659696,0.2791195455633227,9.987,13.187083333333334,13.187083333333334,13.187083333333334,0.1612916666666666
2023-01-22,2.765714285714291,,,,,,,,7.239,13.113958333333334,13.113958333333334,13.113958333333334,0.1612916666666666
2023-01-23,2.6057142857142908,,,,,,,,8.177,12.661458333333334,12.661458333333334,12.661458333333334,0.1612916666666666
2023-01-24,2.124285714285719,,,,,,,,2.31,12.350208333333333,12.350208333333333,12.350208333333333,0.1612916666666666
2023-01-25,1.981428571428576,0.0988787088970669,-0.0677714024777295,0.1855563152520382,0.0677714024777295,0.5550450790123862,0.1166501696236798,0.0978698767110949,4.915,11.938541666666666,11.938541666666666,11.938541666666666,0.1612916666666666
2023-01-26,1.7785714285714331,0.0988787088970669,-0.0677714024777295,0.1855563152520382,0.0677714024777295,0.5550450790123862,0.1166501696236798,0.0978698767110949,5.445,11.690833333333332,11.690833333333332,11.690833333333332,0.1612916666666666
2023-01-27,1.7057142857142902,,,,,,,,6.9,11.463125,11.463125,11.463125,0.1612916666666666
2023-01-28,1.6628571428571473,,,,,,,,7.975,11.345,11.345,11.345,0.1612916666666666
2023-01-29,1.6085714285714332,,,,,,,,7.051,11.274166666666666,11.274166666666666,11.274166666666666,0.1612916666666666
2023-01-30,1.5400000000000045,0.4245749519008103,-0.5182217603824176,0.0250700725486777,0.5182217603824176,0.2815552708066878,0.2917583799753033,0.292900348295931,8.447,11.200416666666667,11.200416666666667,11.200416666666667,0.1612916666666666
2023-01-31,1.63571428571429,0.4245749519008103,-0.5182217603824176,0.0250700725486777,0.5182217603824176,0.2815552708066878,0.2917583799753033,0.292900348295931,8.703,11.206458333333332,11.206458333333332,11.206458333333332,0.1612916666666666
2023-02-01,1.588571428571433,,,,,,,,9.025,11.175208333333332,11.175208333333332,11.175208333333332,0.25
2023-02-02,1.5357142857142905,,,,,,,,10.0,11.213125,11.213125,11.213125,0.25
2023-02-03,1.488571428571433,,,,,,,,8.975,11.219791666666666,11.219791666666666,11.219791666666666,0.25
2023-02-04,1.4771428571428618,0.4004678779938182,-0.5040643371519495,-0.000370428525293,0.5040643371519495,0.2747795537846986,0.2932990457190843,0.2890398553648934,10.082,11.239791666666669,11.239791666666669,11.239791666666669,0.25
2023-02-05,1.4742857142857186,0.4004678779938182,-0.5040643371519495,-0.000370428525293,0.5040643371519495,0.2747795537846986,0.2932990457190843,0.2890398553648934,8.787,11.317708333333334,11.317708333333334,11.317708333333334,0.25
2023-02-06,1.4385714285714328,,,,,,,,5.34,11.367708333333333,11.367708333333333,11.367708333333333,0.25
2023-02-07,1.442857142857147,,,,,,,,7.04,11.546875,11.546875,11.546875,0.25
2023-02-08,1.518571428571433,,,,,,,,11.345,11.624583333333334,11.624583333333334,11.624583333333334,0.25
2023-02-09,1.5371428571428616,0.0635872919906358,-0.0507765424544694,0.0909373513499244,0.0507765424544694,0.7267059717999129,0.0882224005753877,0.0691855943715963,7.858,11.791041666666668,11.791041666666668,11.791041666666668,0.25
2023-02-10,1.5571428571428618,0.0635872919906358,-0.0507765424544694,0.0909373513499244,0.0507765424544694,0.7267059717999129,0.0882224005753877,0.0691855943715963,5.127,11.8025,11.8025,11.8025,0.25
2023-02-11,1.6028571428571474,,,,,,,,7.03,11.741666666666667,11.741666666666667,11.741666666666667,0.25
2023-02-12,1.6414285714285763,,,,,,,,6.158,11.765,11.765,11.765,0.25
2023-02-13,1.714285714285719,,,,,,,,8.807,11.773125,11.773125,11.773125,0.25
2023-02-14,1.677142857142862,0.039279499930925,-0.0291034095905354,0.3906018743749526,0.0291034095905354,0.5569119121207565,0.0590304768354189,0.0446759697477348,4.14,11.826666666666666,11.826666666666666,11.826666666666666,0.25
2023-02-15,1.654285714285719,0.039279499930925,-0.0291034095905354,0.3906018743749526,0.0291034095905354,0.5569119121207565,0.0590304768354189,0.0446759697477348,,12.100625,12.100625,12.100625,0.25
2023-02-16,1.6971428571428615,,,,,,,,10.707,12.393958333333332,12.393958333333332,12.393958333333332,0.25
2023-02-17,1.728571428571433,,,,,,,,5.53,12.568958333333333,12.568958333333333,12.568958333333333,0.25
2023-02-18,1.6771428571428617,,,,,,,,9.41,12.749375,12.749375,12.749375,0.25
2023-02-19,1.7200000000000044,0.3114061492388365,-0.4164004042500356,0.0567796681759512,0.4164004042500356,0.2384653489609234,0.2672746245001182,0.2512171476102266,11.832,12.852083333333333,12.852083333333333,12.852083333333333,0.25
2023-02-20,1.7500000000000049,0.3114061492388365,-0.4164004042500356,0.0567796681759512,0.4164004042500356,0.2384653489609234,0.2672746245001182,0.2512171476102266,7.676,13.095208333333334,13.095208333333334,13.095208333333334,0.25
2023-02-21,1.7685714285714331,,,,,,,,10.167,13.214166666666666,13.214166666666666,13.214166666666666,0.25
2023-02-22,1.784285714285719,,,,,,,,12.57,13.233125,13.233125,13.233125,0.25
2023-02-23,1.7371428571428618,,,,,,,,11.467,13.458541666666669,13.458541666666669,13.458541666666669,0.25
2023-02-24,1.7057142857142904,0.0370584234793777,-0.0352415763391334,0.2377731059906913,0.0352415763391334,0.3390060992735879,0.0497195240220848,0.039561918562614,3.705,13.631875,13.631875,13.631875,0.25
2023-02-25,1.8457142857142903,0.0370584234793777,-0.0352415763391334,0.2377731059906913,0.0352415763391334,0.3390060992735879,0.0497195240220848,0.039561918562614,7.671,13.386875000000002,13.386875000000002,13.386875000000002,0.25
2023-02-26,2.012857142857148,,,,,,,,11.766,13.13,13.13,13.13,0.25
2023-02-27,2.2885714285714336,,,,,,,,9.353,12.868333333333332,12.868333333333332,12.868333333333332,0.25
2023-02-28,2.494285714285719,,,,,,,,10.605,12.719375,12.719375,12.719375,0.25
2023-03-01,2.6014285714285754,0.2941379537347887,-0.4123814135301309,-0.0732454594928908,0.4123814135301309,0.217358611890527,0.2249106452113292,0.2190241647548362,9.982,12.469791666666666,12.469791666666666,12.469791666666666,0.4096805555555556
2023-03-02,2.751428571428576,0.2941379537347887,-0.4123814135301309,-0.0732454594928908,0.4123814135301309,0.217358611890527,0.2249106452113292,0.2190241647548362,8.732,12.420416666666666,12.420416666666666,12.420416666666666,0.4096805555555556
2023-03-03,2.9414285714285757,,,,,,,,10.567,12.111041666666669,12.111041666666669,12.111041666666669,0.4096805555555556
2023-03-04,2.91571428571429,,,,,,,,10.962,12.066249999999998,12.066249999999998,12.066249999999998,0.4096805555555556
2023-03-05,2.8128571428571467,,,,,,,,8.126,12.2625,12.2625,12.2625,0.4096805555555556
2023-03-06,2.614285714285718,0.2168926440301488,-0.2997138402501089,0.1255534167905323,0.2997138402501089,0.158674489034981,0.1515955013818427,0.151675492036538,11.664,12.38625,12.38625,12.38625,0.4096805555555556
2023-03-07,2.620000000000004,0.2168926440301488,-0.2997138402501089,0.1255534167905323,0.2997138402501089,0.158674489034981,0.1515955013818427,0.151675492036538,17.866,12.7325,12.7325,12.7325,0.4096805555555556
2023-03-08,2.7514285714285758,,,,,,,,17.658,13.177291666666669,13.177291666666669,13.177291666666669,0.4096805555555556
2023-03-09,2.688571428571432,,,,,,,,12.052,13.61,13.61,13.61,0.4096805555555556
2023-03-10,2.787142857142861,,,,,,,,17.789,13.972083333333332,13.972083333333332,13.972083333333332,0.4096805555555556
2023-03-11,3.177142857142861,0.2852570145833688,-0.4037097208812588,-0.0762978389737058,0.4037097208812588,0.2121996818507303,0.2216842240485988,0.2148657614578966,20.797,14.292708333333332,14.292708333333332,14.292708333333332,0.4096805555555556
2023-03-12,3.520000000000004,0.2852570145833688,-0.4037097208812588,-0.0762978389737058,0.4037097208812588,0.2121996818507303,0.2216842240485988,0.2148657614578966,20.979,14.780625,14.780625,14.780625,0.4096805555555556
2023-03-13,3.6828571428571473,,,,,,,,16.293,15.40375,15.40375,15.40375,0.4096805555555556
2023-03-14,3.9785714285714326,,,,,,,,17.403,15.801666666666668,15.801666666666668,15.801666666666668,0.4096805555555556
2023-03-15,4.001428571428575,,,,,,,,18.005,15.965625,15.965625,15.965625,0.4096805555555556
2023-03-16,4.147142857142861,0.279717381860389,-0.4130300029379422,-0.0771839046453843,0.4130300029379422,0.199667293517316,0.2178003233475763,0.2109675182670843,18.622,16.045416666666668,16.045416666666668,16.045416666666668,0.4096805555555556
2023-03-17,4.032857142857147,0.279717381860389,-0.4130300029379422,-0.0771839046453843,0.4130300029379422,0.199667293517316,0.2178003233475763,0.2109675182670843,14.536,16.096666666666668,16.096666666666668,16.096666666666668,0.4096805555555556
2023-03-18,3.681428571428576,,,,,,,,11.45,15.997083333333334,15.997083333333334,15.997083333333334,0.4096805555555556
2023-03-19,3.380000000000004,,,,,,,,16.917,15.901875,15.901875,15.901875,0.4096805555555556
2023-03-20,3.29571428571429,,,,,,,,16.223,15.915,15.915,15.915,0.4096805555555556
2023-03-21,2.9814285714285758,0.1693429822315935,-0.1979260747549963,0.1248355603120366,0.1979260747549963,0.2285334140550895,0.1590909207942055,0.1451987709666861,13.551,16.07645833333333,16.07645833333333,16.07645833333333,0.4096805555555556
2023-03-22,2.931428571428575,0.1693429822315935,-0.1979260747549963,0.1248355603120366,0.1979260747549963,0.2285334140550895,0.1590909207942055,0.1451987709666861,16.921,16.06895833333333,16.06895833333333,16.06895833333333,0.4096805555555556
2023-03-23,3.037142857142861,,,,,,,,16.95,16.125208333333333,16.125208333333333,16.125208333333333,0.4096805555555556
2023-03-24,3.2014285714285755,,,,,,,,11.905,16.13958333333333,16.13958333333333,16.13958333333333,0.4096805555555556
2023-03-25,3.4214285714285757,,,,,,,,19.41,16.428124999999998,16.428124999999998,16.428124999999998,0.4096805555555556
2023-03-26,3.720000000000004,0.2822515217007184,-0.4063162422571026,-0.0695145754219933,0.4063162422571026,0.209364117657552,0.2284934430337343,0.2187311786120055,21.803,16.762708333333332,16.762708333333332,16.762708333333332,0.4096805555555556
2023-03-27,3.860000000000004,0.2822515217007184,-0.4063162422571026,-0.0695145754219933,0.4063162422571026,0.209364117657552,0.2284934430337343,0.2187311786120055,17.431,17.122708333333332,17.122708333333332,17.122708333333332,0.4096805555555556
2023-03-28,3.867142857142861,,,,,,,,16.38,17.286041666666666,17.286041666666666,17.286041666666666,0.4096805555555556
2023-03-29,3.908571428571433,,,,,,,,18.005,17.220208333333332,17.220208333333332,17.220208333333332,0.4096805555555556
2023-03-30,3.93571428571429,,,,,,,,20.575,17.245833333333334,17.245833333333334,17.245833333333334,0.4096805555555556
2023-03-31,3.981619047619052,0.2850800256748669,-0.3978288457041881,-0.0630716104976466,0.3978288457041881,0.2335099822185079,0.2423790734810907,0.2285042979189606,23.266,17.367708333333333,17.367708333333333,17.367708333333333,0.4096805555555556
2023-04-01,4.026285714285718,0.2850800256748669,-0.3978288457041881,-0.0630716104976466,0.3978288457041881,0.2335099822185079,0.2423790734810907,0.2285042979189606,21.665,17.734375,17.734375,17.734375,0.63
2023-04-02,3.959714285714289,,,,,,,,19.145,18.01,18.01,18.01,0.63
2023-04-03,4.019047619047623,,,,,,,,16.647,17.981875,17.981875,17.981875,0.63
2023-04-04,4.218571428571432,,,,,,,,15.641,17.82208333333333,17.82208333333333,17.82208333333333,0.63
2023-04-05,4.384000000000004,0.1452637949927908,-0.1718324122370266,0.0903019509354576,0.1718324122370266,0.2408825931001882,0.1510604508831852,0.1329048103729232,15.447,17.758125,17.758125,17.758125,0.63
2023-04-06,4.4553333333333365,0.1452637949927908,-0.1718324122370266,0.0903019509354576,0.1718324122370266,0.2408825931001882,0.1510604508831852,0.1329048103729232,14.161,17.661458333333332,17.661458333333332,17.661458333333332,0.63
2023-04-07,4.52666666666667,,,,,,,,17.444,17.504583333333333,17.504583333333333,17.504583333333333,0.63
2023-04-08,4.598000000000004,,,,,,,,18.268,17.480208333333334,17.480208333333334,17.480208333333334,0.63
2023-04-09,4.669333333333337,,,,,,,,18.363,17.572916666666668,17.572916666666668,17.572916666666668,0.63
2023-04-10,4.74066666666667,0.2911500598563523,-0.3954272319058902,-0.0255184458400748,0.3954272319058902,0.233931444707464,0.2424169764166973,0.2301357215056653,16.693,17.799375,17.799375,17.799375,0.63
2023-04-11,4.812000000000005,0.2911500598563523,-0.3954272319058902,-0.0255184458400748,0.3954272319058902,0.233931444707464,0.2424169764166973,0.2301357215056653,21.218,18.07979166666667,18.07979166666667,18.07979166666667,0.63
2023-04-12,4.883333333333338,,,,,,,,22.424,18.29104166666667,18.29104166666667,18.29104166666667,0.63
2023-04-13,4.954666666666671,,,,,,,,20.827,18.59145833333333,18.59145833333333,18.59145833333333,0.63
2023-04-14,5.026000000000004,,,,,,,,16.748,18.750833333333333,18.750833333333333,18.750833333333333,0.63
2023-04-15,5.2657142857142905,0.3052487019144121,-0.4203699011294569,-0.0387834884898095,0.4203699011294569,0.2348560976688979,0.2531874612218044,0.2405843988793795,22.348,18.690625,18.690625,18.690625,0.63
2023-04-16,5.176666666666671,0.3052487019144121,-0.4203699011294569,-0.0387834884898095,0.4203699011294569,0.2348560976688979,0.2531874612218044,0.2405843988793795,19.372,18.869375,18.869375,18.869375,0.63
2023-04-17,5.030285714285719,,,,,,,,18.354,18.945,18.945,18.945,0.63
2023-04-18,4.880857142857146,,,,,,,,17.746,18.83,18.83,18.83,0.63
2023-04-19,4.721238095238099,,,,,,,,16.601,18.75979166666667,18.75979166666667,18.75979166666667,0.63
2023-04-20,4.642857142857146,0.3085611638475637,-0.4280205105171828,-0.038169302830671,0.4280205105171828,0.2431196487340771,0.2595803029224522,0.2455589153238984,23.364,18.654791666666664,18.654791666666664,18.654791666666664,0.63
2023-04-21,4.54714285714286,0.3085611638475637,-0.4280205105171828,-0.038169302830671,0.4280205105171828,0.2431196487340771,0.2595803029224522,0.2455589153238984,21.291,18.72375,18.72375,18.72375,0.63
2023-04-22,4.110000000000002,,,,,,,,21.78,18.851666666666667,18.851666666666667,18.851666666666667,0.63
2023-04-23,4.08214285714286,,,,,,,,22.177,19.036875,19.036875,19.036875,0.63
2023-04-24,4.19214285714286,,,,,,,,21.685,19.22208333333333,19.22208333333333,19.22208333333333,0.63
2023-04-25,4.405000000000003,0.2945044368016914,-0.4115202060488405,-0.0428182997160637,0.4115202060488405,0.2317855116285261,0.2487442554509054,0.2350230461261311,20.259,19.43645833333333,19.43645833333333,19.43645833333333,0.63
2023-04-26,4.446428571428574,0.2945044368016914,-0.4115202060488405,-0.0428182997160637,0.4115202060488405,0.2317855116285261,0.2487442554509054,0.2350230461261311,20.951,19.645416666666662,19.645416666666662,19.645416666666662,0.63
2023-04-27,4.435000000000003,,,,,,,,24.47,19.84063829787234,19.84063829787234,19.84063829787234,0.63
2023-04-28,4.37214285714286,,,,,,,,18.32,20.105,20.105,20.105,0.63
2023-04-29,4.639285714285717,,,,,,,,18.566,20.245625,20.245625,20.245625,0.63
2023-04-30,4.711428571428574,0.2190054892027963,-0.2797068235326986,0.0500759995069171,0.2797068235326986,0.2136556278975283,0.1895568082567121,0.1778016644911687,19.518,20.429791666666667,20.429791666666667,20.429791666666667,0.63
2023-05-01,4.712857142857145,0.2190054892027963,-0.2797068235326986,0.0500759995069171,0.2797068235326986,0.2136556278975283,0.1895568082567121,0.1778016644911687,24.799,20.613333333333333,20.613333333333333,20.613333333333333,0.9290347222222222
2023-05-02,4.6228571428571446,,,,,,,,21.384,20.66333333333333,20.66333333333333,20.66333333333333,0.9290347222222222
2023-05-03,4.675714285714288,,,,,,,,17.989,20.652083333333334,20.652083333333334,20.652083333333334,0.9290347222222222
2023-05-04,4.62714285714286,,,,,,,,16.79,20.63875,20.63875,20.63875,0.9290347222222222
2023-05-05,4.684285714285717,0.3150796071916329,-0.4327993617683159,-0.0419687485459764,0.4327993617683159,0.2389501455377359,0.262640399033906,0.2491835624468131,22.406,20.52125,20.52125,20.52125,0.9290347222222222
2023-05-06,4.575714285714289,0.3150796071916329,-0.4327993617683159,-0.0419687485459764,0.4327993617683159,0.2389501455377359,0.262640399033906,0.2491835624468131,22.312,20.56354166666667,20.56354166666667,20.56354166666667,0.9290347222222222
2023-05-07,4.518571428571432,,,,,,,,23.364,20.614375,20.614375,20.614375,0.9290347222222222
2023-05-08,4.497142857142861,,,,,,,,20.463,20.64770833333333,20.64770833333333,20.64770833333333,0.9290347222222222
2023-05-09,4.5571428571428605,,,,,,,,21.912,20.709166666666665,20.709166666666665,20.709166666666665,0.9290347222222222
2023-05-10,4.632857142857146,0.3127432431353898,-0.427071108192694,-0.0472758917260121,0.427071108192694,0.244989773289102,0.2615725363864272,0.2479153680996816,25.669,20.969791666666666,20.969791666666666,20.969791666666666,0.9290347222222222
2023-05-11,4.70714285714286,0.3127432431353898,-0.427071108192694,-0.0472758917260121,0.427071108192694,0.244989773289102,0.2615725363864272,0.2479153680996816,21.363,21.14395833333333,21.14395833333333,21.14395833333333,0.9290347222222222
2023-05-12,4.608571428571431,,,,,,,,18.6,21.248541666666664,21.248541666666664,21.248541666666664,0.9290347222222222
2023-05-13,4.442857142857146,,,,,,,,21.164,21.12395833333333,21.12395833333333,21.12395833333333,0.9290347222222222
2023-05-14,4.570000000000003,,,,,,,,17.697,20.630625,20.630625,20.630625,0.9290347222222222
2023-05-15,4.881428571428574,0.3241176329186704,-0.4278673808105656,-0.0533270423804394,0.4278673808105656,0.2487729098953185,0.2658095933863373,0.2534772294466612,21.926,20.272916666666667,20.272916666666667,20.272916666666667,0.9290347222222222
2023-05-16,5.004285714285717,0.3241176329186704,-0.4278673808105656,-0.0533270423804394,0.4278673808105656,0.2487729098953185,0.2658095933863373,0.2534772294466612,22.656,20.257708333333333,20.257708333333333,20.257708333333333,0.9290347222222222
2023-05-17,4.871428571428575,,,,,,,,22.71,20.281041666666667,20.281041666666667,20.281041666666667,0.9290347222222222
2023-05-18,4.905714285714289,,,,,,,,21.578,20.2675,20.2675,20.2675,0.9290347222222222
2023-05-19,4.875714285714289,,,,,,,,18.936,20.370833333333334,20.370833333333334,20.370833333333334,0.9290347222222222
2023-05-20,5.051428571428574,0.3388596665663798,-0.4433897232911626,-0.0527135808570463,0.4433897232911626,0.2524533351180984,0.2703145358894692,0.2599624543160688,23.018,20.195,20.195,20.195,0.9290347222222222
2023-05-21,4.85714285714286,0.3388596665663798,-0.4433897232911626,-0.0527135808570463,0.4433897232911626,0.2524533351180984,0.2703145358894692,0.2599624543160688,15.87,20.031666666666663,20.031666666666663,20.031666666666663,0.9290347222222222
2023-05-22,4.361428571428575,,,,,,,,8.27,19.88125,19.88125,19.88125,0.9290347222222222
2023-05-23,3.8128571428571454,,,,,,,,14.097,19.50958333333333,19.50958333333333,19.50958333333333,0.9290347222222222
2023-05-24,3.478571428571432,,,,,,,,15.979,19.111875,19.111875,19.111875,0.9290347222222222
2023-05-25,3.205000000000003,0.3486964250685739,-0.4396077382271405,-0.0344824756564358,0.4396077382271405,0.2345372850044829,0.2525949060428339,0.2500492480934644,18.953,19.235833333333336,19.235833333333336,19.235833333333336,0.9290347222222222
2023-05-26,3.285000000000004,0.3486964250685739,-0.4396077382271405,-0.0344824756564358,0.4396077382271405,0.2345372850044829,0.2525949060428339,0.2500492480934644,19.628,19.392916666666668,19.392916666666668,19.392916666666668,0.9290347222222222
2023-05-27,3.229285714285718,,,,,,,,14.937,19.491041666666668,19.491041666666668,19.491041666666668,0.9290347222222222
2023-05-28,3.2107142857142894,,,,,,,,18.866,19.465625,19.465625,19.465625,0.9290347222222222
2023-05-29,3.425000000000004,,,,,,,,23.368,19.52125,19.52125,19.52125,0.9290347222222222
2023-05-30,3.676428571428575,0.159976596104317,-0.167155422270298,0.0423665156942929,0.167155422270298,0.3593836038327607,0.1703561636023834,0.1486429884785511,24.723,19.637291666666663,19.637291666666663,19.637291666666663,0.9290347222222222
2023-05-31,3.992142857142861,0.159976596104317,-0.167155422270298,0.0423665156942929,0.167155422270298,0.3593836038327607,0.1703561636023834,0.1486429884785511,23.691,19.65333333333333,19.65333333333333,19.65333333333333,0.9290347222222222
2023-06-01,4.161428571428575,,,,,,,,22.406,19.7,19.7,19.7,1.12
2023-06-02,4.091428571428575,,,,,,,,16.053,19.81520833333333,19.81520833333333,19.81520833333333,1.12
2023-06-03,3.898571428571433,,,,,,,,19.449,19.836041666666667,19.836041666666667,19.836041666666667,1.12
2023-06-04,3.9507142857142896,0.3790357757787236,-0.4458360305575074,-0.015817425290092,0.4458360305575074,0.2737772950872046,0.2827708818873422,0.2775296268404508,21.922,19.827916666666667,19.827916666666667,19.827916666666667,1.12
2023-06-05,3.983571428571433,0.3790357757787236,-0.4458360305575074,-0.015817425290092,0.4458360305575074,0.2737772950872046,0.2827708818873422,0.2775296268404508,24.465,19.972916666666663,19.972916666666663,19.972916666666663,1.12
2023-06-06,4.119285714285718,,,,,,,,30.66,20.151875,20.151875,20.151875,1.12
2023-06-07,4.286428571428576,,,,,,,,17.31,20.28458333333333,20.28458333333333,20.28458333333333,1.12
2023-06-08,4.477857142857148,,,,,,,,20.855,20.231875,20.231875,20.231875,1.12
2023-06-09,4.786428571428576,0.393000726817084,-0.4400603829837236,-0.0031750051945936,0.4400603829837236,0.316006395660463,0.3099343986784825,0.2992282766299168,27.303,20.253125,20.253125,20.253125,1.12
2023-06-10,5.255000000000004,0.393000726817084,-0.4400603829837236,-0.0031750051945936,0.4400603829837236,0.316006395660463,0.3099343986784825,0.2992282766299168,28.242,20.555,20.555,20.555,1.12
2023-06-11,5.471428571428576,,,,,,,,29.432,20.77583333333333,20.77583333333333,20.77583333333333,1.12
2023-06-12,5.280000000000006,,,,,,,,21.927,20.986666666666668,20.986666666666668,20.986666666666668,1.12
2023-06-13,5.288571428571433,,,,,,,,32.509,,,,1.12
2023-06-14,5.454285714285718,0.4029079592618785,-0.4596108799097968,0.0059264722951977,0.4596108799097968,0.3037450013102079,0.314494887580637,0.3045378329812503,25.711,,,,1.12
2023-06-15,5.544285714285719,0.4029079592618785,-0.4596108799097968,0.0059264722951977,0.4596108799097968,0.3037450013102079,0.314494887580637,0.3045378329812503,26.777,,,,1.12
2023-06-16,5.544285714285719,,,,,,,,26.606,,,,1.12
2023-06-17,5.550000000000004,,,,,,,,29.278,,,,1.12
2023-06-18,5.671428571428575,,,,,,,,28.096,,,,1.12
2023-06-19,6.01571428571429,0.3367841182673564,-0.3897787557273613,0.040520813014572,0.3897787557273613,0.2985861225694907,0.2979730526443387,0.2774046200220701,26.788,,,,1.12
2023-06-20,6.140000000000005,0.3367841182673564,-0.3897787557273613,0.040520813014572,0.3897787557273613,0.2985861225694907,0.2979730526443387,0.2774046200220701,27.155,,,,1.12
2023-06-21,6.022857142857148,,,,,,,,28.683,,,,1.12
2023-06-22,6.054285714285719,,,,,,,,29.3,,,,1.12
2023-06-23,6.087142857142861,,,,,,,,28.254,,,,1.12
2023-06-24,6.088571428571433,0.3857260810547188,-0.4527234107744499,0.0111724129099337,0.4527234107744499,0.304867725391857,0.3139139494446458,0.3000902125581366,28.969,,,,1.12
2023-06-25,6.127142857142863,0.3857260810547188,-0.4527234107744499,0.0111724129099337,0.4527234107744499,0.304867725391857,0.3139139494446458,0.3000902125581366,29.425,,,,1.12
2023-06-26,6.128571428571433,,,,,,,,30.944,,,,1.12
2023-06-27,6.170000000000004,,,,,,,,30.015,,,,1.12
2023-06-28,6.197142857142863,,,,,,,,28.435,,,,1.12
2023-06-29,6.032857142857147,0.3627254386417202,-0.434988193824643,-0.0152920620118985,0.434988193824643,0.2949819977654785,0.3012648141774975,0.2861958236479369,28.763,,,,1.12
2023-06-30,5.954285714285719,0.3627254386417202,-0.434988193824643,-0.0152920620118985,0.434988193824643,0.2949819977654785,0.3012648141774975,0.2861958236479369,25.637,,,,1.12
2023-07-01,5.862857142857147,,,,,,,,29.196,,,,1.1419375
2023-07-02,5.778571428571434,,,,,,,,30.044,,,,1.1419375
2023-07-03,5.770000000000006,,,,,,,,29.94,,,,1.1419375
2023-07-04,5.810000000000007,0.3420292754642298,-0.4241572550085725,-0.013010775273452,0.4241572550085725,0.270539242224615,0.2803118915342893,0.2673774149085654,31.162,,,,1.1419375
2023-07-05,5.728571428571435,0.3420292754642298,-0.4241572550085725,-0.013010775273452,0.4241572550085725,0.270539242224615,0.2803118915342893,0.2673774149085654,27.596,,,,1.1419375
2023-07-06,5.748571428571436,,,,,,,,28.026,,,,1.1419375
2023-07-07,5.832857142857151,,,,,,,,28.676,,,,1.1419375
2023-07-08,5.857142857142866,,,,,,,,26.161,,,,1.1419375
2023-07-09,5.750000000000008,0.1299146237309838,-0.1891036252262162,0.2587018386750924,0.1891036252262162,0.1427416074715676,0.1204625385828682,0.1104256196222344,27.882,,,,1.1419375
2023-07-10,5.702857142857151,0.1299146237309838,-0.1891036252262162,0.2587018386750924,0.1891036252262162,0.1427416074715676,0.1204625385828682,0.1104256196222344,28.04,,,,1.1419375
2023-07-11,5.554285714285723,,,,,,,,28.439,,,,1.1419375
2023-07-12,5.702857142857151,,,,,,,,28.361,,,,1.1419375
2023-07-13,5.752857142857151,,,,,,,,28.319,,,,1.1419375
2023-07-14,5.650000000000007,0.2735072989932826,-0.3457406346426636,0.059833514122445,0.3457406346426636,0.244559036537272,0.2413535948659553,0.224636353674482,30.309,,,,1.1419375
2023-07-15,5.715714285714292,0.2735072989932826,-0.3457406346426636,0.059833514122445,0.3457406346426636,0.244559036537272,0.2413535948659553,0.224636353674482,30.348,,,,1.1419375
2023-07-16,5.792857142857149,,,,,,,,27.752,,,,1.1419375
2023-07-17,5.797142857142863,,,,,,,,28.753,,,,1.1419375
2023-07-18,5.867142857142862,,,,,,,,32.329,,,,1.1419375
2023-07-19,5.957142857142862,0.3057729406434982,-0.4019427333698897,-0.008995774705879,0.4019427333698897,0.2412445579395919,0.25411420669712,0.2413749626425445,32.663,,,,1.1419375
2023-07-20,5.651428571428576,0.3057729406434982,-0.4019427333698897,-0.008995774705879,0.4019427333698897,0.2412445579395919,0.25411420669712,0.2413749626425445,27.324,,,,1.1419375
2023-07-21,5.472857142857147,,,,,,,,29.161,,,,1.1419375
2023-07-22,5.260000000000005,,,,,,,,26.144,,,,1.1419375
2023-07-23,5.087142857142863,,,,,,,,25.122,,,,1.1419375
2023-07-24,5.088571428571435,0.0864192473350978,-0.1157135322201447,0.0052653522331832,0.1157135322201447,0.169620216869917,0.1047144544417741,0.0869221245167685,28.494,,,,1.1419375
2023-07-25,5.218571428571436,0.0864192473350978,-0.1157135322201447,0.0052653522331832,0.1157135322201447,0.169620216869917,0.1047144544417741,0.0869221245167685,30.624,,,,1.1419375
2023-07-26,4.997142857142864,,,,,,,,28.598,,,,1.1419375
2023-07-27,5.307142857142864,,,,,,,,29.552,,,,1.1419375
2023-07-28,5.538571428571436,,,,,,,,30.894,,,,1.1419375
2023-07-29,5.718571428571436,0.3348568560647183,-0.4286996060218968,-0.0197766893161613,0.4286996060218968,0.2550797037413863,0.2653075724107321,0.2556846846566826,30.014,,,,1.1419375
2023-07-30,5.905714285714292,0.3348568560647183,-0.4286996060218968,-0.0197766893161613,0.4286996060218968,0.2550797037413863,0.2653075724107321,0.2556846846566826,30.59,,,,1.1419375
2023-07-31,5.911428571428577,,,,,,,,30.685,,,,1.1419375
2023-08-01,5.8857142857142914,,,,,,,,32.572,,,,1.0290347222222225
2023-08-02,6.031428571428577,,,,,,,,32.448,26.856969696969696,26.856969696969696,26.856969696969696,1.0290347222222225
2023-08-03,6.2000000000000055,0.3205274421660625,-0.4131641852073983,-0.0208988120077086,0.4131641852073983,0.2444276978246501,0.25344916078888,0.2443958215537618,29.782,26.851458333333337,26.851458333333337,26.851458333333337,1.0290347222222225
2023-08-04,6.255714285714292,0.3205274421660625,-0.4131641852073983,-0.0208988120077086,0.4131641852073983,0.2444276978246501,0.25344916078888,0.2443958215537618,28.365,26.850625000000004,26.850625000000004,26.850625000000004,1.0290347222222225
2023-08-05,6.260000000000006,,,,,,,,29.48,26.729791666666667,26.729791666666667,26.729791666666667,1.0290347222222225
2023-08-06,6.251428571428578,,,,,,,,30.107,26.444375,26.444375,26.444375,1.0290347222222225
2023-08-07,6.155714285714292,,,,,,,,25.56,26.40125,26.40125,26.40125,1.0290347222222225
2023-08-08,5.9728571428571495,0.3088932638285591,-0.4087929881987025,-0.0047547007971977,0.4087929881987025,0.2371239353154525,0.2542507609383004,0.2421768389520097,26.018,26.362916666666667,26.362916666666667,26.362916666666667,1.0290347222222225
2023-08-09,5.798571428571434,0.3088932638285591,-0.4087929881987025,-0.0047547007971977,0.4087929881987025,0.2371239353154525,0.2542507609383004,0.2421768389520097,25.895,26.305833333333336,26.305833333333336,26.305833333333336,1.0290347222222225
2023-08-10,5.54228571428572,,,,,,,,27.109,26.403125,26.403125,26.403125,1.0290347222222225
2023-08-11,5.402571428571434,,,,,,,,30.422,26.49520833333333,26.49520833333333,26.49520833333333,1.0290347222222225
2023-08-12,5.290857142857148,,,,,,,,29.27,26.65520833333333,26.65520833333333,26.65520833333333,1.0290347222222225
2023-08-13,5.207142857142862,0.3157335227874459,-0.4030991736494126,-0.0104606792208601,0.4030991736494126,0.2561803809443458,0.2610286432700079,0.2482516241611026,29.637,26.68041666666667,26.68041666666667,26.68041666666667,1.0290347222222225
2023-08-14,5.227142857142861,0.3157335227874459,-0.4030991736494126,-0.0104606792208601,0.4030991736494126,0.2561803809443458,0.2610286432700079,0.2482516241611026,30.067,26.653125,26.653125,26.653125,1.0290347222222225
2023-08-15,5.175714285714291,,,,,,,,28.815,26.650625,26.650625,26.650625,1.0290347222222225
2023-08-16,5.145714285714291,,,,,,,,29.076,26.65625,26.65625,26.65625,1.0290347222222225
2023-08-17,5.183428571428577,,,,,,,,30.765,26.67333333333333,26.67333333333333,26.67333333333333,1.0290347222222225
2023-08-18,5.256000000000006,0.3265752083942538,-0.4230305721036724,-0.0209406919655252,0.4230305721036724,0.2515295842876199,0.2574383016736781,0.2483881997768996,31.953,26.741875,26.741875,26.741875,1.0290347222222225
2023-08-19,5.262000000000006,0.3265752083942538,-0.4230305721036724,-0.0209406919655252,0.4230305721036724,0.2515295842876199,0.2574383016736781,0.2483881997768996,33.031,26.824375,26.824375,26.824375,1.0290347222222225
2023-08-20,5.254285714285721,,,,,,,,32.582,26.861041666666665,26.861041666666665,26.861041666666665,1.0290347222222225
2023-08-21,5.240000000000006,,,,,,,,31.487,26.87291666666667,26.87291666666667,26.87291666666667,1.0290347222222225
2023-08-22,5.311428571428578,,,,,,,,32.128,26.87125,26.87125,26.87125,1.0290347222222225
2023-08-23,5.5071428571428624,0.3313032066235776,-0.428587716133868,-0.0196257048500243,0.428587716133868,0.2463828929867901,0.259273138446886,0.2506944058371371,31.763,,,,1.0290347222222225
